Workbook

Sheet Missouri (1)
A1: GEO_ID | B1: STATE_FIPS | C1: CNTY_FIPS | D1: TRACT | E1: CENSUSAREA | F1: STCOFIPS | G1: FIPS | H1: STATE_ABBR | I1: STATE_NAME | J1: COUNTY | K1: LOCATION | L1: TOTPOP | M1: E_TOTPOP | N1: M_TOTPOP | O1: HU | P1: E_HU | Q1: M_HU | R1: HH | S1: E_POV | T1: M_POV | U1: E_UNEMP | V1: M_UNEMP | W1: E_PCI | X1: M_PCI | Y1: E_NOHSDIP | Z1: M_NOHSDIP | AA1: AGE65 | AB1: AGE17 | AC1: SNGPRNT | AD1: MINORITY | AE1: E_LIMENG | AF1: M_LIMENG | AG1: E_MUNIT | AH1: M_MUNIT | AI1: E_MOBILE | AJ1: M_MOBILE | AK1: E_CROWD | AL1: M_CROWD | AM1: E_NOVEH | AN1: M_NOVEH | AO1: GROUPQ | AP1: E_P_POV | AQ1: M_P_POV | AR1: E_P_UNEMP | AS1: M_P_UNEMP | AT1: E_P_PCI | AU1: M_P_PCI | AV1: E_P_NOHSDIP | AW1: M_P_NOHSDIP | AX1: P_AGE65 | AY1: P_AGE17 | AZ1: P_SNGPRNT | BA1: P_MINORITY | BB1: E_P_LIMENG | BC1: M_P_LIMENG | BD1: E_P_MUNIT | BE1: M_P_MUNIT | BF1: E_P_MOBILE | BG1: M_P_MOBILE | BH1: E_P_CROWD | BI1: M_P_CROWD | BJ1: E_P_NOVEH | BK1: M_P_NOVEH | BL1: P_GROUPQ | BM1: E_PL_POV | BN1: E_PL_UNEMP | BO1: E_PL_PCI | BP1: E_PL_NOHSDIP | BQ1: S_PL_THEME1 | BR1: R_PL_THEME1 | BS1: PL_AGE65 | BT1: PL_AGE17 | BU1: PL_SNGPRNT | BV1: S_PL_THEME2 | BW1: R_PL_THEME2 | BX1: PL_MINORITY | BY1: E_PL_LIMENG | BZ1: S_PL_THEME3 | CA1: R_PL_THEME3 | CB1: E_PL_MUNIT | CC1: E_PL_MOBILE | CD1: E_PL_CROWD | CE1: E_PL_NOVEH | CF1: PL_GROUPQ | CG1: S_PL_THEME4 | CH1: R_PL_THEME4 | CI1: S_PL_THEMES | CJ1: R_PL_THEMES | CK1: F_PL_POV | CL1: F_PL_UNEMP | CM1: F_PL_PCI | CN1: F_PL_NOHSDIP | CO1: F_PL_THEME1 | CP1: F_PL_AGE65 | CQ1: F_PL_AGE17 | CR1: F_PL_SNGPRNT | CS1: F_PL_THEME2 | CT1: F_PL_MINORITY | CU1: F_PL_LIMENG | CV1: F_PL_THEME3 | CW1: F_PL_MUNIT | CX1: F_PL_MOBILE | CY1: F_PL_CROWD | CZ1: F_PL_NOVEH | DA1: F_PL_GROUPQ | DB1: F_PL_THEME4 | DC1: F_PL_TOTAL | DD1: Shape | DE1: Shape.STArea() | DF1: Shape.STLength()
A2: 1400000US29001950300 | B2: 29 | C2: 001 | D2: 950300 | E2: 8.134 | F2: 29001 | G2: 29001950300 | H2: MO | I2: Missouri | J2: Adair County | K2: Census Tract 9503, Adair County, Missouri | L2: 2951 | M2: 3138 | N2: 418 | O2: 1615 | P2: 1682 | Q2: 141 | R2: 1388 | S2: 1334 | T2: 472 | U2: 111 | V2: 449 | W2: 12764 | X2: 2246 | Y2: 212 | Z2: 242 | AA2: 269 | AB2: 483 | AC2: 135 | AD2: 277 | AE2: 0 | AF2: 456 | AG2: 223 | AH2: 167 | AI2: 114 | AJ2: 49 | AK2: 10 | AL2: 115 | AM2: 179 | AN2: 108 | AO2: 52 | AP2: 0.425111 | AQ2: 0.139347 | AR2: 0.075613 | AS2: 0.305446 | AT2: 12764 | AU2: 2246 | AV2: 0.131595 | AW2: 0.149503 | AX2: 0.091155 | AY2: 0.163673 | AZ2: 0.09726224 | BA2: 0.093866 | BB2: 0 | BC2: 0.152559 | BD2: 0.13258 | BE2: 0.098662 | BF2: 0.067776 | BG2: 0.028572 | BH2: 0.006775 | BI2: 0.07791 | BJ2: 0.121273 | BK2: 0.072068 | BL2: 0.017621 | BM2: 0.971 | BN2: 0.567 | BO2: 0.9401 | BP2: 0.477 | BQ2: 2.9551 | BR2: 0.7978 | BS2: 0.165 | BT2: 0.089 | BU2: 0.468 | BV2: 0.722 | BW2: 0.061 | BX2: 0.445 | BY2: 0 | BZ2: 0.445 | CA2: 0.187 | CB2: 0.816 | CC2: 0.646 | CD2: 0.384 | CE2: 0.811 | CF2: 0.681 | CG2: 3.338 | CH2: 0.889 | CI2: 7.4601 | CJ2: 0.6325 | CK2: 1 | CL2: 0 | CM2: 1 | CN2: 0 | CO2: 2 | CP2: 0 | CQ2: 0 | CR2: 0 | CS2: 0 | CT2: 0 | CU2: 0 | CV2: 0 | CW2: 0 | CX2: 0 | CY2: 0 | CZ2: 0 | DA2: 0 | DB2: 0 | DC2: 2 | DD2: (-92.61444936593644, 40.22538791173708) | DE2: 0.0022204613 | DF2: 0.3181967762684076
A3: 1400000US29001950400 | B3: 29 | C3: 001 | D3: 950400 | E3: 7.596 | F3: 29001 | G3: 29001950400 | H3: MO | I3: Missouri | J3: Adair County | K3: Census Tract 9504, Adair County, Missouri | L3: 3892 | M3: 4071 | N3: 326 | O3: 1855 | P3: 1798 | Q3: 105 | R3: 1727 | S3: 551 | T3: 195 | U3: 98 | V3: 432 | W3: 22437 | X3: 3061 | Y3: 184 | Z3: 368 | AA3: 663 | AB3: 975 | AC3: 157 | AD3: 237 | AE3: 0 | AF3: 456 | AG3: 92 | AH3: 60 | AI3: 49 | AJ3: 43 | AK3: 4 | AL3: 114 | AM3: 125 | AN3: 59 | AO3: 41 | AP3: 0.13568 | AQ3: 0.046773 | AR3: 0.050882 | AS3: 0.224214 | AT3: 22437 | AU3: 3061 | AV3: 0.068785 | AW3: 0.137489 | AX3: 0.170349 | AY3: 0.250513 | AZ3: 0.09090909 | BA3: 0.060894 | BB3: 0 | BC3: 0.122877 | BD3: 0.051167 | BE3: 0.033236 | BF3: 0.027252 | BG3: 0.023862 | BH3: 0.002318 | BI3: 0.066086 | BJ3: 0.072463 | BK3: 0.033938 | BL3: 0.010534 | BM3: 0.523 | BN3: 0.3 | BO3: 0.4722 | BP3: 0.197 | BQ3: 1.4922 | BR3: 0.3379 | BS3: 0.739 | BT3: 0.602 | BU3: 0.411 | BV3: 1.752 | BW3: 0.684 | BX3: 0.317 | BY3: 0 | BZ3: 0.317 | CA3: 0.135 | CB3: 0.659 | CC3: 0.541 | CD3: 0.286 | CE3: 0.636 | CF3: 0.587 | CG3: 2.709 | CH3: 0.648 | CI3: 6.2702 | CJ3: 0.4217 | CK3: 0 | CL3: 0 | CM3: 0 | CN3: 0 | CO3: 0 | CP3: 0 | CQ3: 0 | CR3: 0 | CS3: 0 | CT3: 0 | CU3: 0 | CV3: 0 | CW3: 0 | CX3: 0 | CY3: 0 | CZ3: 0 | DA3: 0 | DB3: 0 | DC3: 0 | DD3: (-92.56235487893272, 40.21899772397682) | DE3: 0.0020861344 | DF3: 0.2408924972862329
A4: 1400000US29001950100 | B4: 29 | C4: 001 | D4: 950100 | E4: 253.455 | F4: 29001 | G4: 29001950100 | H4: MO | I4: Missouri | J4: Adair County | K4: Census Tract 9501, Adair County, Missouri | L4: 3802 | M4: 3538 | N4: 300 | O4: 1679 | P4: 1708 | Q4: 117 | R4: 1456 | S4: 560 | T4: 213 | U4: 118 | V4: 365 | W4: 20733 | X4: 1993 | Y4: 212 | Z4: 264 | AA4: 553 | AB4: 1046 | AC4: 108 | AD4: 96 | AE4: 37 | AF4: 428 | AG4: 2 | AH4: 161 | AI4: 231 | AJ4: 72 | AK4: 20 | AL4: 20 | AM4: 75 | AN4: 124 | AO4: 0 | AP4: 0.158595 | AQ4: 0.058808 | AR4: 0.069698 | AS4: 0.215453 | AT4: 20733 | AU4: 1993 | AV4: 0.085483 | AW4: 0.106195 | AX4: 0.145449 | AY4: 0.275118 | AZ4: 0.07417582 | BA4: 0.025249 | BB4: 0.011229 | BC4: 0.129889 | BD4: 0.00117 | BE4: 0.094262 | BF4: 0.135245 | BG4: 0.041123 | BH4: 0.014316 | BI4: 0.014264 | BJ4: 0.053686 | BK4: 0.088643 | BL4: 0 | BM4: 0.607 | BN4: 0.512 | BO4: 0.5704 | BP4: 0.272 | BQ4: 1.9614 | BR4: 0.4809 | BS4: 0.543 | BT4: 0.822 | BU4: 0.251 | BV4: 1.616 | BW4: 0.579 | BX4: 0.047 | BY4: 0.753 | BZ4: 0.8 | CA4: 0.4 | CB4: 0.261 | CC4: 0.787 | CD4: 0.579 | CE4: 0.516 | CF4: 0 | CG4: 2.143 | CH4: 0.398 | CI4: 6.5204 | CJ4: 0.4621 | CK4: 0 | CL4: 0 | CM4: 0 | CN4: 0 | CO4: 0 | CP4: 0 | CQ4: 0 | CR4: 0 | CS4: 0 | CT4: 0 | CU4: 0 | CV4: 0 | CW4: 0 | CX4: 0 | CY4: 0 | CZ4: 0 | DA4: 0 | DB4: 0 | DC4: 0 | DD4: (-92.46691577770667, 40.21003710277253) | DE4: 0.06964974 | DF4: 1.3167750375657676
A5: 1400000US29001950200 | B5: 29 | C5: 001 | D5: 950200 | E5: 270.774 | F5: 29001 | G5: 29001950200 | H5: MO | I5: Missouri | J5: Adair County | K5: Census Tract 9502, Adair County, Missouri | L5: 3019 | M5: 3209 | N5: 305 | O5: 1613 | P5: 1550 | Q5: 105 | R5: 1223 | S5: 477 | T5: 289 | U5: 110 | V5: 415 | W5: 19279 | X5: 2215 | Y5: 319 | Z5: 186 | AA5: 510 | AB5: 723 | AC5: 81 | AD5: 66 | AE5: 0 | AF5: 456 | AG5: 0 | AH5: 197 | AI5: 213 | AJ5: 68 | AK5: 75 | AL5: 132 | AM5: 68 | AN5: 47 | AO5: 0 | AP5: 0.148783 | AQ5: 0.089025 | AR5: 0.075342 | AS5: 0.284091 | AT5: 19279 | AU5: 2215 | AV5: 0.1514 | AW5: 0.087215 | AX5: 0.16893 | AY5: 0.239483 | AZ5: 0.06623058 | BA5: 0.021861 | BB5: 0 | BC5: 0.153742 | BD5: 0 | BE5: 0.127096 | BF5: 0.137419 | BG5: 0.042871 | BH5: 0.061274 | BI5: 0.107724 | BJ5: 0.055555 | BK5: 0.038124 | BL5: 0 | BM5: 0.576 | BN5: 0.563 | BO5: 0.652 | BP5: 0.574 | BQ5: 2.365 | BR5: 0.6202 | BS5: 0.728 | BT5: 0.493 | BU5: 0.183 | BV5: 1.404 | BW5: 0.394 | BX5: 0.025 | BY5: 0 | BZ5: 0.025 | CA5: 0.015 | CB5: 0 | CC5: 0.794 | CD5: 0.966 | CE5: 0.536 | CF5: 0 | CG5: 2.296 | CH5: 0.456 | CI5: 6.09 | CJ5: 0.3877 | CK5: 0 | CL5: 0 | CM5: 0 | CN5: 0 | CO5: 0 | CP5: 0 | CQ5: 0 | CR5: 0 | CS5: 0 | CT5: 0 | CU5: 0 | CV5: 0 | CW5: 0 | CX5: 0 | CY5: 1 | CZ5: 0 | DA5: 0 | DB5: 1 | DC5: 1 | DD5: (-92.72531239328066, 40.171508919218084) | DE5: 0.074241067 | DF5: 1.4866251289962238
A6: 1400000US29001950500 | B6: 29 | C6: 001 | D6: 950500 | E6: 26.623 | F6: 29001 | G6: 29001950500 | H6: MO | I6: Missouri | J6: Adair County | K6: Census Tract 9505, Adair County, Missouri | L6: 7079 | M6: 6522 | N6: 510 | O6: 3310 | P6: 3275 | Q6: 169 | R6: 2992 | S6: 1638 | T6: 367 | U6: 207 | V6: 394 | W6: 20377 | X6: 2460 | Y6: 612 | Z6: 228 | AA6: 998 | AB6: 1359 | AC6: 228 | AD6: 590 | AE6: 12 | AF6: 442 | AG6: 197 | AH6: 96 | AI6: 237 | AJ6: 94 | AK6: 74 | AL6: 134 | AM6: 257 | AN6: 97 | AO6: 379 | AP6: 0.265349 | AQ6: 0.055804 | AR6: 0.064687 | AS6: 0.12289 | AT6: 20377 | AU6: 2460 | AV6: 0.156441 | AW6: 0.056841 | AX6: 0.14098 | AY6: 0.191976 | AZ6: 0.0762032 | BA6: 0.083345 | BB6: 0.001937 | BC6: 0.07137 | BD6: 0.060152 | BE6: 0.029148 | BF6: 0.072366 | BG6: 0.028458 | BH6: 0.02659 | BI6: 0.048105 | BJ6: 0.092346 | BK6: 0.034109 | BL6: 0.053538 | BM6: 0.848 | BN6: 0.467 | BO6: 0.5899 | BP6: 0.594 | BQ6: 2.4989 | BR6: 0.6643 | BS6: 0.506 | BT6: 0.158 | BU6: 0.267 | BV6: 0.931 | BW6: 0.094 | BX6: 0.408 | BY6: 0.378 | BZ6: 0.786 | CA6: 0.388 | CB6: 0.685 | CC6: 0.656 | CD6: 0.776 | CE6: 0.728 | CF6: 0.901 | CG6: 3.746 | CH6: 0.982 | CI6: 7.9619 | CJ6: 0.709 | CK6: 0 | CL6: 0 | CM6: 0 | CN6: 0 | CO6: 0 | CP6: 0 | CQ6: 0 | CR6: 0 | CS6: 0 | CT6: 0 | CU6: 0 | CV6: 0 | CW6: 0 | CX6: 0 | CY6: 0 | CZ6: 0 | DA6: 1 | DB6: 1 | DC6: 1 | DD6: (-92.61711932736635, 40.180933183536) | DE6: 0.0075611674 | DF6: 0.5273896290186537
A7: 1400000US29001950900 | B7: 29 | C7: 001 | D7: 950900 | E7: 0.482 | F7: 29001 | G7: 29001950900 | H7: MO | I7: Missouri | J7: Adair County | K7: Census Tract 9509, Adair County, Missouri | L7: 2277 | M7: 2171 | N7: 401 | O7: 1116 | P7: 1173 | Q7: 101 | R7: 1017 | S7: 1108 | T7: 353 | U7: 42 | V7: 472 | W7: 12088 | X7: 2249 | Y7: 86 | Z7: 345 | AA7: 208 | AB7: 373 | AC7: 75 | AD7: 221 | AE7: 0 | AF7: 456 | AG7: 31 | AH7: 118 | AI7: 30 | AJ7: 47 | AK7: 6 | AL7: 114 | AM7: 105 | AN7: 41 | AO7: 0 | AP7: 0.510363 | AQ7: 0.132482 | AR7: 0.033386 | AS7: 0.375038 | AT7: 12088 | AU7: 2249 | AV7: 0.101775 | AW7: 0.407992 | AX7: 0.091348 | AY7: 0.163812 | AZ7: 0.07374631 | BA7: 0.097057 | BB7: 0 | BC7: 0.222439 | BD7: 0.026427 | BE7: 0.100571 | BF7: 0.025575 | BG7: 0.040007 | BH7: 0.006507 | BI7: 0.12364 | BJ7: 0.113882 | BK7: 0.041322 | BL7: 0 | BM7: 0.991 | BN7: 0.114 | BO7: 0.9588 | BP7: 0.346 | BQ7: 2.4098 | BR7: 0.6361 | BS7: 0.166 | BT7: 0.09 | BU7: 0.248 | BV7: 0.504 | BW7: 0.035 | BX7: 0.459 | BY7: 0 | BZ7: 0.459 | CA7: 0.189 | CB7: 0.523 | CC7: 0.534 | CD7: 0.374 | CE7: 0.794 | CF7: 0 | CG7: 2.225 | CH7: 0.428 | CI7: 5.5978 | CJ7: 0.3025 | CK7: 1 | CL7: 0 | CM7: 1 | CN7: 0 | CO7: 2 | CP7: 0 | CQ7: 0 | CR7: 0 | CS7: 0 | CT7: 0 | CU7: 0 | CV7: 0 | CW7: 0 | CX7: 0 | CY7: 0 | CZ7: 0 | DA7: 0 | DB7: 0 | DC7: 2 | DD7: (-92.57430409062717, 40.19471635900403) | DE7: 0.00012996661 | DF7: 0.062437948
A8: 1400000US29001951000 | B8: 29 | C8: 001 | D8: 951000 | E8: 0.26 | F8: 29001 | G8: 29001951000 | H8: MO | I8: Missouri | J8: Adair County | K8: Census Tract 9510, Adair County, Missouri | L8: 2587 | M8: 2666 | N8: 602 | O8: 75 | P8: 57 | Q8: 36 | R8: 74 | S8: 159 | T8: 120 | U8: 12 | V8: 497 | W8: 2659 | X8: 328 | Y8: 0 | Z8: 456 | AA8: 9 | AB8: 13 | AC8: 3 | AD8: 369 | AE8: 0 | AF8: 456 | AG8: 36 | AH8: 118 | AI8: 0 | AJ8: 114 | AK8: 0 | AL8: 161 | AM8: 22 | AN8: 117 | AO8: 2428 | AP8: 1 | AQ8: 0.754716 | AR8: 0.021739 | AS8: 0.900183 | AT8: 2659 | AU8: 328 | AV8: 0 | AW8: 41.454544 | AX8: 0.003478 | AY8: 0.005025 | AZ8: 0.04054054 | BA8: 0.142636 | BB8: 0 | BC8: 0.171042 | BD8: 0.631578 | BE8: 2.031381 | BF8: 0 | BG8: 2 | BH8: 0 | BI8: 2.824561 | BJ8: 0.385964 | BK8: 2.038105 | BL8: 0.938538 | BM8: 1 | BN8: 0.038 | BO8: 1 | BP8: 0 | BQ8: 2.038 | BR8: 0.5112 | BS8: 0.003 | BT8: 0 | BU8: 0.041 | BV8: 0.044 | BW8: 0.004 | BX8: 0.6 | BY8: 0 | BZ8: 0.6 | CA8: 0.269 | CB8: 0.987 | CC8: 0 | CD8: 0 | CE8: 0.982 | CF8: 1 | CG8: 2.969 | CH8: 0.761 | CI8: 5.651 | CJ8: 0.3105 | CK8: 1 | CL8: 0 | CM8: 1 | CN8: 0 | CO8: 2 | CP8: 0 | CQ8: 0 | CR8: 0 | CS8: 0 | CT8: 0 | CU8: 0 | CV8: 0 | CW8: 1 | CX8: 0 | CY8: 0 | CZ8: 1 | DA8: 1 | DB8: 3 | DC8: 5 | DD8: (-92.58058896316552, 40.18519427166938) | DE8: 6.919898337179386e-05 | DF8: 0.03863656
A9: 1400000US29003010100 | B9: 29 | C9: 003 | D9: 010100 | E9: 66.01 | F9: 29003 | G9: 29003010100 | H9: MO | I9: Missouri | J9: Andrew County | K9: Census Tract 101, Andrew County, Missouri | L9: 5439 | M9: 5772 | N9: 311 | O9: 2197 | P9: 2326 | Q9: 103 | R9: 2078 | S9: 509 | T9: 269 | U9: 245 | V9: 271 | W9: 28158 | X9: 2801 | Y9: 299 | Z9: 266 | AA9: 771 | AB9: 1246 | AC9: 146 | AD9: 278 | AE9: 3 | AF9: 442 | AG9: 0 | AH9: 197 | AI9: 265 | AJ9: 106 | AK9: 24 | AL9: 117 | AM9: 90 | AN9: 55 | AO9: 0 | AP9: 0.088184 | AQ9: 0.046361 | AR9: 0.077679 | AS9: 0.085687 | AT9: 28158 | AU9: 2801 | AV9: 0.076081 | AW9: 0.067561 | AX9: 0.141754 | AY9: 0.229086 | AZ9: 0.07025986 | BA9: 0.051112 | BB9: 0.000544 | BC9: 0.080246 | BD9: 0 | BE9: 0.084694 | BF9: 0.113929 | BG9: 0.045291 | BH9: 0.01109 | BI9: 0.054062 | BJ9: 0.041589 | BK9: 0.025307 | BL9: 0 | BM9: 0.331 | BN9: 0.59 | BO9: 0.2462 | BP9: 0.23 | BQ9: 1.3972 | BR9: 0.3105 | BS9: 0.511 | BT9: 0.374 | BU9: 0.217 | BV9: 1.102 | BW9: 0.166 | BX9: 0.255 | BY9: 0.32 | BZ9: 0.575 | CA9: 0.257 | CB9: 0 | CC9: 0.747 | CD9: 0.5 | CE9: 0.408 | CF9: 0 | CG9: 1.655 | CH9: 0.217 | CI9: 4.7292 | CJ9: 0.1639 | CK9: 0 | CL9: 0 | CM9: 0 | CN9: 0 | CO9: 0 | CP9: 0 | CQ9: 0 | CR9: 0 | CS9: 0 | CT9: 0 | CU9: 0 | CV9: 0 | CW9: 0 | CX9: 0 | CY9: 0 | CZ9: 0 | DA9: 0 | DB9: 0 | DC9: 0 | DD9: (-94.75035536815028, 39.855112880975696) | DE9: 0.018213885055663667 | DF9: 0.7463909439122505
A10: 1400000US29003010200 | B10: 29 | C10: 003 | D10: 010200 | E10: 39.012 | F10: 29003 | G10: 29003010200 | H10: MO | I10: Missouri | J10: Andrew County | K10: Census Tract 102, Andrew County, Missouri | L10: 6738 | M10: 6692 | N10: 351 | O10: 2827 | P10: 2760 | Q10: 180 | R10: 2645 | S10: 535 | T10: 195 | U10: 222 | V10: 410 | W10: 21031 | X10: 1431 | Y10: 595 | Z10: 321 | AA10: 1169 | AB10: 1712 | AC10: 308 | AD10: 223 | AE10: 67 | AF10: 413 | AG10: 104 | AH10: 66 | AI10: 235 | AJ10: 103 | AK10: 33 | AL10: 121 | AM10: 60 | AN10: 43 | AO10: 131 | AP10: 0.083685 | AQ10: 0.029943 | AR10: 0.063193 | AS10: 0.116587 | AT10: 21031 | AU10: 1431 | AV10: 0.133978 | AW10: 0.071899 | AX10: 0.173493 | AY10: 0.254081 | AZ10: 0.11644612 | BA10: 0.033095 | BB10: 0.010857 | BC10: 0.066923 | BD10: 0.037681 | BE10: 0.023786 | BF10: 0.085144 | BG10: 0.036903 | BH10: 0.01241 | BI10: 0.045498 | BJ10: 0.022564 | BK10: 0.016104 | BL10: 0.019441 | BM10: 0.308 | BN10: 0.453 | BO10: 0.5502 | BP10: 0.492 | BQ10: 1.8032 | BR10: 0.4325 | BS10: 0.756 | BT10: 0.648 | BU10: 0.645 | BV10: 2.049 | BW10: 0.893 | BX10: 0.103 | BY10: 0.742 | BZ10: 0.845 | CA10: 0.427 | CB10: 0.598 | CC10: 0.687 | CD10: 0.536 | CE10: 0.21 | CF10: 0.702 | CG10: 2.733 | CH10: 0.659 | CI10: 7.4302 | CJ10: 0.6303 | CK10: 0 | CL10: 0 | CM10: 0 | CN10: 0 | CO10: 0 | CP10: 0 | CQ10: 0 | CR10: 0 | CS10: 0 | CT10: 0 | CU10: 0 | CV10: 0 | CW10: 0 | CX10: 0 | CY10: 0 | CZ10: 0 | DA10: 0 | DB10: 0 | DC10: 0 | DD10: (-94.827388098868, 39.959509124107406) | DE10: 0.010752793892895308 | DF10: 0.4952251338642554
A11: 1400000US29003010300 | B11: 29 | C11: 003 | D11: 010300 | E11: 123.71 | F11: 29003 | G11: 29003010300 | H11: MO | I11: Missouri | J11: Andrew County | K11: Census Tract 103, Andrew County, Missouri | L11: 2063 | M11: 1879 | N11: 240 | O11: 940 | P11: 870 | Q11: 73 | R11: 793 | S11: 199 | T11: 82 | U11: 74 | V11: 429 | W11: 19877 | X11: 2791 | Y11: 138 | Z11: 233 | AA11: 249 | AB11: 527 | AC11: 53 | AD11: 63 | AE11: 0 | AF11: 456 | AG11: 0 | AH11: 197 | AI11: 221 | AJ11: 81 | AK11: 31 | AL11: 119 | AM11: 26 | AN11: 116 | AO11: 0 | AP11: 0.105907 | AQ11: 0.04149 | AR11: 0.082681 | AS11: 0.479203 | AT11: 19877 | AU11: 2791 | AV11: 0.107644 | AW11: 0.181429 | AX11: 0.120698 | AY11: 0.255453 | AZ11: 0.0668348 | BA11: 0.030538 | BB11: 0 | BC11: 0.258064 | BD11: 0 | BE11: 0.226436 | BF11: 0.254022 | BG11: 0.09063 | BH11: 0.043971 | BI11: 0.168734 | BJ11: 0.036879 | BK11: 0.164495 | BL11: 0 | BM11: 0.398 | BN11: 0.637 | BO11: 0.6217 | BP11: 0.37 | BQ11: 2.0267 | BR11: 0.5076 | BS11: 0.35 | BT11: 0.656 | BU11: 0.188 | BV11: 1.194 | BW11: 0.225 | BX11: 0.082 | BY11: 0 | BZ11: 0.082 | CA11: 0.039 | CB11: 0 | CC11: 0.953 | CD11: 0.91 | CE11: 0.358 | CF11: 0 | CG11: 2.221 | CH11: 0.425 | CI11: 5.5237 | CJ11: 0.2866 | CK11: 0 | CL11: 0 | CM11: 0 | CN11: 0 | CO11: 0 | CP11: 0 | CQ11: 0 | CR11: 0 | CS11: 0 | CT11: 0 | CU11: 0 | CV11: 0 | CW11: 0 | CX11: 1 | CY11: 1 | CZ11: 0 | DA11: 0 | DB11: 2 | DC11: 2 | DD11: (-94.94694680916884, 40.00133442371098) | DE11: 0.034005082 | DF11: 1.1802298120486299
A12: 1400000US29003010400 | B12: 29 | C12: 003 | D12: 010400 | E12: 203.971 | F12: 29003 | G12: 29003010400 | H12: MO | I12: Missouri | J12: Andrew County | K12: Census Tract 104, Andrew County, Missouri | L12: 3051 | M12: 2663 | N12: 200 | O12: 1342 | P12: 1290 | Q12: 78 | R12: 1184 | S12: 180 | T12: 72 | U12: 65 | V12: 343 | W12: 25416 | X12: 2272 | Y12: 165 | Z12: 284 | AA12: 492 | AB12: 679 | AC12: 69 | AD12: 86 | AE12: 6 | AF12: 442 | AG12: 18 | AH12: 163 | AI12: 164 | AJ12: 44 | AK12: 5 | AL12: 114 | AM12: 54 | AN12: 33 | AO12: 61 | AP12: 0.067873 | AQ12: 0.026677 | AR12: 0.04741 | AS12: 0.250139 | AT12: 25416 | AU12: 2272 | AV12: 0.086796 | AW12: 0.149244 | AX12: 0.161258 | AY12: 0.222549 | AZ12: 0.05827702 | BA12: 0.028187 | BB12: 0.002328 | BC12: 0.171517 | BD12: 0.013953 | BE12: 0.126353 | BF12: 0.127131 | BG12: 0.033231 | BH12: 0.004524 | BI12: 0.103166 | BJ12: 0.048868 | BK12: 0.029567 | BL12: 0.019993 | BM12: 0.238 | BN12: 0.269 | BO12: 0.33 | BP12: 0.28 | BQ12: 1.117 | BR12: 0.231 | BS12: 0.677 | BT12: 0.322 | BU12: 0.122 | BV12: 1.121 | BW12: 0.182 | BX12: 0.068 | BY12: 0.4 | BZ12: 0.468 | CA12: 0.193 | CB12: 0.42 | CC12: 0.771 | CD12: 0.323 | CE12: 0.479 | CF12: 0.712 | CG12: 2.705 | CH12: 0.643 | CI12: 5.411 | CJ12: 0.2664 | CK12: 0 | CL12: 0 | CM12: 0 | CN12: 0 | CO12: 0 | CP12: 0 | CQ12: 0 | CR12: 0 | CS12: 0 | CT12: 0 | CU12: 0 | CV12: 0 | CW12: 0 | CX12: 0 | CY12: 0 | CZ12: 0 | DA12: 0 | DB12: 0 | DC12: 0 | DD12: (-94.72631546660662, 40.01889582775246) | DE12: 0.056214420923513767 | DF12: 1.1812298349320995
A13: 1400000US29005950100 | B13: 29 | C13: 005 | D13: 950100 | E13: 289.679 | F13: 29005 | G13: 29005950100 | H13: MO | I13: Missouri | J13: Atchison County | K13: Census Tract 9501, Atchison County, Missouri | L13: 3215 | M13: 3290 | N13: 174 | O13: 1715 | P13: 1727 | Q13: 83 | R13: 1421 | S13: 450 | T13: 135 | U13: 93 | V13: 305 | W13: 22661 | X13: 2902 | Y13: 299 | Z13: 239 | AA13: 684 | AB13: 653 | AC13: 98 | AD13: 76 | AE13: 11 | AF13: 427 | AG13: 55 | AH13: 47 | AI13: 45 | AJ13: 20 | AK13: 6 | AL13: 114 | AM13: 83 | AN13: 32 | AO13: 43 | AP13: 0.141198 | AQ13: 0.041431 | AR13: 0.0595 | AS13: 0.195084 | AT13: 22661 | AU13: 2902 | AV13: 0.127887 | AW13: 0.101867 | AX13: 0.212752 | AY13: 0.20311 | AZ13: 0.06896551 | BA13: 0.023639 | BB13: 0.003532 | BC13: 0.137122 | BD13: 0.031847 | BE13: 0.027171 | BF13: 0.026056 | BG13: 0.011512 | BH13: 0.004379 | BI13: 0.083211 | BJ13: 0.060583 | BK13: 0.022935 | BL13: 0.013374 | BM13: 0.551 | BN13: 0.411 | BO13: 0.4628 | BP13: 0.461 | BQ13: 1.8858 | BR13: 0.4585 | BS13: 0.915 | BT13: 0.2 | BU13: 0.206 | BV13: 1.321 | BW13: 0.319 | BX13: 0.035 | BY13: 0.484 | BZ13: 0.519 | CA13: 0.218 | CB13: 0.558 | CC13: 0.535 | CD13: 0.317 | CE13: 0.571 | CF13: 0.625 | CG13: 2.606 | CH13: 0.607 | CI13: 6.3318 | CJ13: 0.4347 | CK13: 0 | CL13: 0 | CM13: 0 | CN13: 0 | CO13: 0 | CP13: 1 | CQ13: 0 | CR13: 0 | CS13: 1 | CT13: 0 | CU13: 0 | CV13: 0 | CW13: 0 | CX13: 0 | CY13: 0 | CZ13: 0 | DA13: 0 | DB13: 0 | DC13: 1 | DD13: (-95.31156076943688, 40.417536536694634) | DE13: 0.079628197 | DF13: 1.2342055307466386
A14: 1400000US29005950200 | B14: 29 | C14: 005 | D14: 950200 | E14: 257.623 | F14: 29005 | G14: 29005950200 | H14: MO | I14: Missouri | J14: Atchison County | K14: Census Tract 9502, Atchison County, Missouri | L14: 2470 | M14: 2521 | N14: 174 | O14: 1270 | P14: 1288 | Q14: 58 | R14: 1077 | S14: 299 | T14: 124 | U14: 41 | V14: 395 | W14: 24962 | X14: 2759 | Y14: 289 | Z14: 244 | AA14: 543 | AB14: 529 | AC14: 85 | AD14: 53 | AE14: 0 | AF14: 456 | AG14: 16 | AH14: 115 | AI14: 59 | AJ14: 25 | AK14: 2 | AL14: 114 | AM14: 63 | AN14: 27 | AO14: 55 | AP14: 0.118603 | AQ14: 0.0485 | AR14: 0.035528 | AS14: 0.342238 | AT14: 24962 | AU14: 2759 | AV14: 0.157321 | AW14: 0.132116 | AX14: 0.219838 | AY14: 0.21417 | AZ14: 0.07892293 | BA14: 0.021457 | BB14: 0 | BC14: 0.193548 | BD14: 0.012422 | BE14: 0.089283 | BF14: 0.045807 | BG14: 0.0193 | BH14: 0.001811 | BI14: 0.10326 | BJ14: 0.057065 | BK14: 0.024049 | BL14: 0.022267 | BM14: 0.449 | BN14: 0.141 | BO14: 0.3509 | BP14: 0.598 | BQ14: 1.5389 | BR14: 0.3538 | BS14: 0.932 | BT14: 0.259 | BU14: 0.293 | BV14: 1.484 | BW14: 0.471 | BX14: 0.023 | BY14: 0 | BZ14: 0.023 | CA14: 0.012 | CB14: 0.405 | CC14: 0.594 | CD14: 0.28 | CE14: 0.547 | CF14: 0.74 | CG14: 2.566 | CH14: 0.59 | CI14: 5.6119 | CJ14: 0.3054 | CK14: 0 | CL14: 0 | CM14: 0 | CN14: 0 | CO14: 0 | CP14: 1 | CQ14: 0 | CR14: 0 | CS14: 1 | CT14: 0 | CU14: 0 | CV14: 0 | CW14: 0 | CX14: 0 | CY14: 0 | CZ14: 0 | DA14: 0 | DB14: 0 | DC14: 1 | DD14: (-95.55775070299288, 40.44561069852723) | DE14: 0.07157146 | DF14: 1.5045638651498037
A15: 1400000US29007950100 | B15: 29 | C15: 007 | D15: 950100 | E15: 12.577 | F15: 29007 | G15: 29007950100 | H15: MO | I15: Missouri | J15: Audrain County | K15: Census Tract 9501, Audrain County, Missouri | L15: 4180 | M15: 4206 | N15: 236 | O15: 1391 | P15: 1202 | Q15: 177 | R15: 1185 | S15: 524 | T15: 297 | U15: 75 | V15: 447 | W15: 10017 | X15: 1342 | Y15: 859 | Z15: 293 | AA15: 596 | AB15: 633 | AC15: 167 | AD15: 787 | AE15: 22 | AF15: 412 | AG15: 6 | AH15: 162 | AI15: 43 | AJ15: 55 | AK15: 27 | AL15: 119 | AM15: 132 | AN15: 84 | AO15: 1505 | AP15: 0.232578 | AQ15: 0.12751 | AR15: 0.077081 | AS15: 0.459119 | AT15: 10017 | AU15: 1342 | AV15: 0.259516 | AW15: 0.086462 | AX15: 0.142583 | AY15: 0.151435 | AZ15: 0.14092827 | BA15: 0.188277 | BB15: 0.005412 | BC15: 0.101352 | BD15: 0.004991 | BE15: 0.134773 | BF15: 0.035773 | BG15: 0.045452 | BH15: 0.027054 | BI15: 0.119165 | BJ15: 0.132264 | BK15: 0.081656 | BL15: 0.360047 | BM15: 0.796 | BN15: 0.581 | BO15: 0.9884 | BP15: 0.889 | BQ15: 3.2544 | BR15: 0.8686 | BS15: 0.523 | BT15: 0.071 | BU15: 0.762 | BV15: 1.356 | BW15: 0.352 | BX15: 0.692 | BY15: 0.576 | BZ15: 1.268 | CA15: 0.694 | CB15: 0.316 | CC15: 0.566 | CD15: 0.78 | CE15: 0.834 | CF15: 0.986 | CG15: 3.482 | CH15: 0.93 | CI15: 9.3604 | CJ15: 0.8953 | CK15: 0 | CL15: 0 | CM15: 1 | CN15: 0 | CO15: 1 | CP15: 0 | CQ15: 0 | CR15: 0 | CS15: 0 | CT15: 0 | CU15: 0 | CV15: 0 | CW15: 0 | CX15: 0 | CY15: 0 | CZ15: 0 | DA15: 1 | DB15: 1 | DC15: 2 | DD15: (-91.49406358552488, 39.30599546517992) | DE15: 0.0034116709 | DF15: 0.2919619598352852
A16: 1400000US29007950600 | B16: 29 | C16: 007 | D16: 950600 | E16: 6.557 | F16: 29007 | G16: 29007950600 | H16: MO | I16: Missouri | J16: Audrain County | K16: Census Tract 9506, Audrain County, Missouri | L16: 2899 | M16: 2935 | N16: 331 | O16: 1356 | P16: 1400 | Q16: 90 | R16: 1215 | S16: 373 | T16: 247 | U16: 50 | V16: 458 | W16: 21236 | X16: 2391 | Y16: 287 | Z16: 337 | AA16: 504 | AB16: 750 | AC16: 205 | AD16: 367 | AE16: 0 | AF16: 456 | AG16: 10 | AH16: 162 | AI16: 93 | AJ16: 75 | AK16: 0 | AL16: 161 | AM16: 87 | AN16: 57 | AO16: 29 | AP16: 0.127086 | AQ16: 0.082927 | AR16: 0.037878 | AS16: 0.346913 | AT16: 21236 | AU16: 2391 | AV16: 0.150261 | AW16: 0.176001 | AX16: 0.173853 | AY16: 0.258709 | AZ16: 0.16872427 | BA16: 0.126595 | BB16: 0 | BC16: 0.172792 | BD16: 0.007142 | BE16: 0.115713 | BF16: 0.066428 | BG16: 0.0534 | BH16: 0 | BI16: 0.131321 | BJ16: 0.070962 | BK16: 0.046046 | BL16: 0.010003 | BM16: 0.485 | BN16: 0.161 | BO16: 0.5379 | BP16: 0.568 | BQ16: 1.7519 | BR16: 0.4159 | BS16: 0.757 | BT16: 0.693 | BU16: 0.843 | BV16: 2.293 | BW16: 0.979 | BX16: 0.551 | BY16: 0 | BZ16: 0.551 | CA16: 0.241 | CB16: 0.353 | CC16: 0.641 | CD16: 0 | CE16: 0.63 | CF16: 0.58 | CG16: 2.204 | CH16: 0.42 | CI16: 6.7999 | CJ16: 0.5119 | CK16: 0 | CL16: 0 | CM16: 0 | CN16: 0 | CO16: 0 | CP16: 0 | CQ16: 0 | CR16: 0 | CS16: 0 | CT16: 0 | CU16: 0 | CV16: 0 | CW16: 0 | CX16: 0 | CY16: 0 | CZ16: 0 | DA16: 0 | DB16: 0 | DC16: 0 | DD16: (-91.92280961014657, 39.158831454125405) | DE16: 0.0017786718 | DF16: 0.2646855368188617
A17: 1400000US29007950200 | B17: 29 | C17: 007 | D17: 950200 | E17: 404.809 | F17: 29007 | G17: 29007950200 | H17: MO | I17: Missouri | J17: Audrain County | K17: Census Tract 9502, Audrain County, Missouri | L17: 4917 | M17: 5083 | N17: 435 | O17: 2318 | P17: 2273 | Q17: 154 | R17: 2019 | S17: 352 | T17: 127 | U17: 116 | V17: 329 | W17: 23750 | X17: 2794 | Y17: 613 | Z17: 208 | AA17: 894 | AB17: 1129 | AC17: 183 | AD17: 99 | AE17: 44 | AF17: 428 | AG17: 2 | AH17: 161 | AI17: 361 | AJ17: 108 | AK17: 12 | AL17: 115 | AM17: 37 | AN17: 23 | AO17: 0 | AP17: 0.069441 | AQ17: 0.024345 | AR17: 0.047231 | AS17: 0.133878 | AT17: 23750 | AU17: 2794 | AV17: 0.166576 | AW17: 0.054943 | AX17: 0.181818 | AY17: 0.229611 | AZ17: 0.09063893 | BA17: 0.020134 | BB17: 0.008979 | BC17: 0.087343 | BD17: 0.000879 | BE17: 0.070831 | BF17: 0.15882 | BG17: 0.046279 | BH17: 0.005879 | BI17: 0.056342 | BJ17: 0.018128 | BK17: 0.011173 | BL17: 0 | BM17: 0.248 | BN17: 0.266 | BO17: 0.4079 | BP17: 0.641 | BQ17: 1.5629 | BR17: 0.361 | BS17: 0.802 | BT17: 0.38 | BU17: 0.409 | BV17: 1.591 | BW17: 0.563 | BX17: 0.02 | BY17: 0.695 | BZ17: 0.715 | CA17: 0.346 | CB17: 0.253 | CC17: 0.836 | CD17: 0.353 | CE17: 0.165 | CF17: 0 | CG17: 1.607 | CH17: 0.201 | CI17: 5.4759 | CJ17: 0.2758 | CK17: 0 | CL17: 0 | CM17: 0 | CN17: 0 | CO17: 0 | CP17: 0 | CQ17: 0 | CR17: 0 | CS17: 0 | CT17: 0 | CU17: 0 | CV17: 0 | CW17: 0 | CX17: 0 | CY17: 0 | CZ17: 0 | DA17: 0 | DB17: 0 | DC17: 0 | DD17: (-91.70641956419668, 39.21111885256495) | DE17: 0.10999824699578266 | DF17: 2.1213853714958257
A18: 1400000US29007950300 | B18: 29 | C18: 007 | D18: 950300 | E18: 236.042 | F18: 29007 | G18: 29007950300 | H18: MO | I18: Missouri | J18: Audrain County | K18: Census Tract 9503, Audrain County, Missouri | L18: 3609 | M18: 3917 | N18: 453 | O18: 1256 | P18: 1343 | Q18: 121 | R18: 1148 | S18: 994 | T18: 520 | U18: 59 | V18: 444 | W18: 18894 | X18: 3389 | Y18: 384 | Z18: 335 | AA18: 413 | AB18: 1231 | AC18: 56 | AD18: 95 | AE18: 18 | AF18: 442 | AG18: 8 | AH18: 162 | AI18: 136 | AJ18: 66 | AK18: 22 | AL18: 29 | AM18: 122 | AN18: 88 | AO18: 58 | AP18: 0.253765 | AQ18: 0.12947 | AR18: 0.033484 | AS18: 0.251919 | AT18: 18894 | AU18: 3389 | AV18: 0.168273 | AW18: 0.14602 | AX18: 0.114436 | AY18: 0.341091 | AZ18: 0.04878048 | BA18: 0.026323 | BB18: 0.005116 | BC18: 0.125638 | BD18: 0.005956 | BE18: 0.120624 | BF18: 0.101265 | BG18: 0.048289 | BH18: 0.017336 | BI18: 0.02279 | BJ18: 0.096138 | BK18: 0.068717 | BL18: 0.01607 | BM18: 0.832 | BN18: 0.117 | BO18: 0.678 | BP18: 0.649 | BQ18: 2.276 | BR18: 0.5935 | BS18: 0.307 | BT18: 0.981 | BU18: 0.065 | BV18: 1.353 | BW18: 0.347 | BX18: 0.053 | BY18: 0.568 | BZ18: 0.621 | CA18: 0.286 | CB18: 0.336 | CC18: 0.718 | CD18: 0.634 | CE18: 0.741 | CF18: 0.661 | CG18: 3.09 | CH18: 0.814 | CI18: 7.34 | CJ18: 0.6166 | CK18: 0 | CL18: 0 | CM18: 0 | CN18: 0 | CO18: 0 | CP18: 0 | CQ18: 1 | CR18: 0 | CS18: 1 | CT18: 0 | CU18: 0 | CV18: 0 | CW18: 0 | CX18: 0 | CY18: 0 | CZ18: 0 | DA18: 0 | DB18: 0 | DC18: 1 | DD18: (-92.08599050663638, 39.2265404727495) | DE18: 0.064089361 | DF18: 1.4717639669620064
A19: 1400000US29007950400 | B19: 29 | C19: 007 | D19: 950400 | E19: 12.425 | F19: 29007 | G19: 29007950400 | H19: MO | I19: Missouri | J19: Audrain County | K19: Census Tract 9504, Audrain County, Missouri | L19: 2942 | M19: 2703 | N19: 371 | O19: 1229 | P19: 1272 | Q19: 103 | R19: 1095 | S19: 355 | T19: 173 | U19: 77 | V19: 414 | W19: 19023 | X19: 2646 | Y19: 263 | Z19: 317 | AA19: 401 | AB19: 866 | AC19: 149 | AD19: 561 | AE19: 0 | AF19: 456 | AG19: 43 | AH19: 174 | AI19: 0 | AJ19: 114 | AK19: 0 | AL19: 161 | AM19: 37 | AN19: 30 | AO19: 353 | AP19: 0.14104 | AQ19: 0.065618 | AR19: 0.074468 | AS19: 0.400049 | AT19: 19023 | AU19: 2646 | AV19: 0.148839 | AW19: 0.178129 | AX19: 0.136301 | AY19: 0.294357 | AZ19: 0.13607305 | BA19: 0.190686 | BB19: 0 | BC19: 0.183353 | BD19: 0.033805 | BE19: 0.136765 | BF19: 0 | BG19: 0.089622 | BH19: 0 | BI19: 0.147031 | BJ19: 0.033789 | BK19: 0.027088 | BL19: 0.119986 | BM19: 0.549 | BN19: 0.551 | BO19: 0.6693 | BP19: 0.562 | BQ19: 2.3313 | BR19: 0.6087 | BS19: 0.466 | BT19: 0.901 | BU19: 0.744 | BV19: 2.111 | BW19: 0.922 | BX19: 0.696 | BY19: 0 | BZ19: 0.696 | CA19: 0.333 | CB19: 0.57 | CC19: 0 | CD19: 0 | CE19: 0.324 | CF19: 0.948 | CG19: 1.842 | CH19: 0.282 | CI19: 6.9803 | CJ19: 0.5415 | CK19: 0 | CL19: 0 | CM19: 0 | CN19: 0 | CO19: 0 | CP19: 0 | CQ19: 1 | CR19: 0 | CS19: 1 | CT19: 0 | CU19: 0 | CV19: 0 | CW19: 0 | CX19: 0 | CY19: 0 | CZ19: 0 | DA19: 1 | DB19: 1 | DC19: 2 | DD19: (-91.84497172049963, 39.18015155190388) | DE19: 0.0034625486 | DF19: 0.3088923060010687
A20: 1400000US29007950500 | B20: 29 | C20: 007 | D20: 950500 | E20: 8.603 | F20: 29007 | G20: 29007950500 | H20: MO | I20: Missouri | J20: Audrain County | K20: Census Tract 9505, Audrain County, Missouri | L20: 3582 | M20: 3153 | N20: 282 | O20: 1602 | P20: 1627 | Q20: 110 | R20: 1450 | S20: 537 | T20: 325 | U20: 21 | V20: 471 | W20: 21741 | X20: 3472 | Y20: 390 | Z20: 267 | AA20: 688 | AB20: 889 | AC20: 192 | AD20: 392 | AE20: 37 | AF20: 443 | AG20: 35 | AH20: 168 | AI20: 116 | AJ20: 78 | AK20: 0 | AL20: 161 | AM20: 130 | AN20: 86 | AO20: 84 | AP20: 0.171182 | AQ20: 0.102477 | AR20: 0.013833 | AS20: 0.310266 | AT20: 21741 | AU20: 3472 | AV20: 0.17687 | AW20: 0.120042 | AX20: 0.192071 | AY20: 0.248185 | AZ20: 0.13241379 | BA20: 0.109436 | BB20: 0.012239 | BC20: 0.146539 | BD20: 0.021511 | BE20: 0.103247 | BF20: 0.071296 | BG20: 0.047698 | BH20: 0 | BI20: 0.118035 | BJ20: 0.095307 | BK20: 0.062371 | BL20: 0.02345 | BM20: 0.648 | BN20: 0.014 | BO20: 0.5097 | BP20: 0.676 | BQ20: 1.8477 | BR20: 0.4462 | BS20: 0.848 | BT20: 0.576 | BU20: 0.727 | BV20: 2.151 | BW20: 0.948 | BX20: 0.502 | BY20: 0.775 | BZ20: 1.277 | CA20: 0.7 | CB20: 0.481 | CC20: 0.653 | CD20: 0 | CE20: 0.738 | CF20: 0.75 | CG20: 2.622 | CH20: 0.61 | CI20: 7.8977 | CJ20: 0.6975 | CK20: 0 | CL20: 0 | CM20: 0 | CN20: 0 | CO20: 0 | CP20: 0 | CQ20: 0 | CR20: 0 | CS20: 0 | CT20: 0 | CU20: 0 | CV20: 0 | CW20: 0 | CX20: 0 | CY20: 0 | CZ20: 0 | DA20: 0 | DB20: 0 | DC20: 0 | DD20: (-91.90685506051464, 39.19941590422084) | DE20: 0.0023539734 | DF20: 0.2342357670113388
A21: 1400000US29007950700 | B21: 29 | C21: 007 | D21: 950700 | E21: 11.222 | F21: 29007 | G21: 29007950700 | H21: MO | I21: Missouri | J21: Audrain County | K21: Census Tract 9507, Audrain County, Missouri | L21: 3400 | M21: 3687 | N21: 400 | O21: 1700 | P21: 1790 | Q21: 104 | R21: 1478 | S21: 850 | T21: 312 | U21: 84 | V21: 444 | W21: 17277 | X21: 2489 | Y21: 465 | Z21: 335 | AA21: 588 | AB21: 871 | AC21: 226 | AD21: 615 | AE21: 106 | AF21: 423 | AG21: 89 | AH21: 124 | AI21: 113 | AJ21: 69 | AK21: 42 | AL21: 124 | AM21: 226 | AN21: 114 | AO21: 71 | AP21: 0.233644 | AQ21: 0.082215 | AR21: 0.055263 | AS21: 0.291995 | AT21: 17277 | AU21: 2489 | AV21: 0.216379 | AW21: 0.153954 | AX21: 0.172941 | AY21: 0.256176 | AZ21: 0.15290933 | BA21: 0.180882 | BB21: 0.032111 | BC21: 0.128099 | BD21: 0.04972 | BE21: 0.069213 | BF21: 0.063128 | BG21: 0.038372 | BH21: 0.02729 | BI21: 0.080537 | BJ21: 0.146848 | BK21: 0.072978 | BL21: 0.020882 | BM21: 0.799 | BN21: 0.348 | BO21: 0.7668 | BP21: 0.794 | BQ21: 2.7078 | BR21: 0.7242 | BS21: 0.753 | BT21: 0.664 | BU21: 0.803 | BV21: 2.22 | BW21: 0.967 | BX21: 0.681 | BY21: 0.923 | BZ21: 1.604 | CA21: 0.874 | CB21: 0.656 | CC21: 0.633 | CD21: 0.783 | CE21: 0.853 | CF21: 0.719 | CG21: 3.644 | CH21: 0.967 | CI21: 10.1758 | CJ21: 0.9596 | CK21: 0 | CL21: 0 | CM21: 0 | CN21: 0 | CO21: 0 | CP21: 0 | CQ21: 0 | CR21: 0 | CS21: 0 | CT21: 0 | CU21: 1 | CV21: 1 | CW21: 0 | CX21: 0 | CY21: 0 | CZ21: 0 | DA21: 0 | DB21: 0 | DC21: 1 | DD21: (-91.866893695359, 39.14326336148947) | DE21: 0.0031322476 | DF21: 0.37377872615950997
A22: 1400000US29009960300 | B22: 29 | C22: 009 | D22: 960300 | E22: 15.023 | F22: 29009 | G22: 29009960300 | H22: MO | I22: Missouri | J22: Barry County | K22: Census Tract 9603, Barry County, Missouri | L22: 6400 | M22: 6601 | N22: 354 | O22: 2778 | P22: 2736 | Q22: 266 | R22: 2444 | S22: 1566 | T22: 616 | U22: 193 | V22: 473 | W22: 21940 | X22: 4115 | Y22: 927 | Z22: 293 | AA22: 909 | AB22: 1782 | AC22: 344 | AD22: 1539 | AE22: 288 | AF22: 439 | AG22: 158 | AH22: 165 | AI22: 153 | AJ22: 109 | AK22: 105 | AL22: 137 | AM22: 130 | AN22: 80 | AO22: 132 | AP22: 0.249243 | AQ22: 0.09665 | AR22: 0.065534 | AS22: 0.160394 | AT22: 21940 | AU22: 4115 | AV22: 0.216386 | AW22: 0.065645 | AX22: 0.142031 | AY22: 0.278437 | AZ22: 0.14075286 | BA22: 0.240468 | BB22: 0.048024 | BC22: 0.073131 | BD22: 0.057748 | BE22: 0.060045 | BF22: 0.055921 | BG22: 0.039466 | BH22: 0.040887 | BI22: 0.05317 | BJ22: 0.050623 | BK22: 0.03068 | BL22: 0.020625 | BM22: 0.826 | BN22: 0.474 | BO22: 0.4968 | BP22: 0.794 | BQ22: 2.5908 | BR22: 0.6989 | BS22: 0.516 | BT22: 0.841 | BU22: 0.761 | BV22: 2.118 | BW22: 0.927 | BX22: 0.753 | BY22: 0.957 | BZ22: 1.71 | CA22: 0.928 | CB22: 0.68 | CC22: 0.621 | CD22: 0.896 | CE22: 0.49 | CF22: 0.717 | CG22: 3.404 | CH22: 0.917 | CI22: 9.8228 | CJ22: 0.9372 | CK22: 0 | CL22: 0 | CM22: 0 | CN22: 0 | CO22: 0 | CP22: 0 | CQ22: 0 | CR22: 0 | CS22: 0 | CT22: 0 | CU22: 1 | CV22: 1 | CW22: 0 | CX22: 0 | CY22: 0 | CZ22: 0 | DA22: 0 | DB22: 0 | DC22: 1 | DD22: (-93.93529499098366, 36.90135049133804) | DE22: 0.0039407882 | DF22: 0.26165885194892247
A23: 1400000US29009960402 | B23: 29 | C23: 009 | D23: 960402 | E23: 78.446 | F23: 29009 | G23: 29009960402 | H23: MO | I23: Missouri | J23: Barry County | K23: Census Tract 9604.02, Barry County, Missouri | L23: 3641 | M23: 3266 | N23: 377 | O23: 1540 | P23: 1551 | Q23: 128 | R23: 1330 | S23: 520 | T23: 214 | U23: 129 | V23: 347 | W23: 16973 | X23: 2425 | Y23: 572 | Z23: 137 | AA23: 487 | AB23: 1064 | AC23: 143 | AD23: 526 | AE23: 75 | AF23: 399 | AG23: 0 | AH23: 197 | AI23: 365 | AJ23: 103 | AK23: 30 | AL23: 117 | AM23: 70 | AN23: 37 | AO23: 0 | AP23: 0.16124 | AQ23: 0.063711 | AR23: 0.082586 | AS23: 0.221878 | AT23: 16973 | AU23: 2425 | AV23: 0.264447 | AW23: 0.056384 | AX23: 0.133754 | AY23: 0.292227 | AZ23: 0.10751879 | BA23: 0.144465 | BB23: 0.02439 | BC23: 0.129726 | BD23: 0 | BE23: 0.127014 | BF23: 0.235332 | BG23: 0.063505 | BH23: 0.023076 | BI23: 0.089965 | BJ23: 0.053846 | BK23: 0.027864 | BL23: 0 | BM23: 0.615 | BN23: 0.636 | BO23: 0.7877 | BP23: 0.896 | BQ23: 2.9347 | BR23: 0.7913 | BS23: 0.448 | BT23: 0.894 | BU23: 0.564 | BV23: 1.906 | BW23: 0.805 | BX23: 0.602 | BY23: 0.886 | BZ23: 1.488 | CA23: 0.817 | CB23: 0 | CC23: 0.937 | CD23: 0.728 | CE23: 0.519 | CF23: 0 | CG23: 2.184 | CH23: 0.412 | CI23: 8.5127 | CJ23: 0.7892 | CK23: 0 | CL23: 0 | CM23: 0 | CN23: 0 | CO23: 0 | CP23: 0 | CQ23: 0 | CR23: 0 | CS23: 0 | CT23: 0 | CU23: 0 | CV23: 0 | CW23: 0 | CX23: 1 | CY23: 0 | CZ23: 0 | DA23: 0 | DB23: 1 | DC23: 1 | DD23: (-93.97964257866084, 36.69361701569102) | DE23: 0.020518241651175002 | DF23: 0.7289054187874155
A24: 1400000US29009960500 | B24: 29 | C24: 009 | D24: 960500 | E24: 67.413 | F24: 29009 | G24: 29009960500 | H24: MO | I24: Missouri | J24: Barry County | K24: Census Tract 9605, Barry County, Missouri | L24: 6054 | M24: 5727 | N24: 552 | O24: 2626 | P24: 2588 | Q24: 191 | R24: 2377 | S24: 698 | T24: 271 | U24: 159 | V24: 438 | W24: 20198 | X24: 2553 | Y24: 424 | Z24: 297 | AA24: 1121 | AB24: 1445 | AC24: 246 | AD24: 375 | AE24: 49 | AF24: 429 | AG24: 96 | AH24: 135 | AI24: 492 | AJ24: 169 | AK24: 73 | AL24: 131 | AM24: 138 | AN24: 81 | AO24: 164 | AP24: 0.123343 | AQ24: 0.04634 | AR24: 0.059572 | AS24: 0.163854 | AT24: 20198 | AU24: 2553 | AV24: 0.112946 | AW24: 0.078222 | AX24: 0.185166 | AY24: 0.238685 | AZ24: 0.10349179 | BA24: 0.061942 | BB24: 0.009082 | BC24: 0.079513 | BD24: 0.037094 | BE24: 0.052091 | BF24: 0.190108 | BG24: 0.063776 | BH24: 0.030366 | BI24: 0.054422 | BJ24: 0.057404 | BK24: 0.033285 | BL24: 0.027089 | BM24: 0.466 | BN24: 0.413 | BO24: 0.6007 | BP24: 0.392 | BQ24: 1.8717 | BR24: 0.4542 | BS24: 0.817 | BT24: 0.482 | BU24: 0.527 | BV24: 1.826 | BW24: 0.746 | BX24: 0.323 | BY24: 0.699 | BZ24: 1.022 | CA24: 0.57 | CB24: 0.595 | CC24: 0.882 | CD24: 0.814 | CE24: 0.551 | CF24: 0.787 | CG24: 3.629 | CH24: 0.964 | CI24: 8.3487 | CJ24: 0.7668 | CK24: 0 | CL24: 0 | CM24: 0 | CN24: 0 | CO24: 0 | CP24: 0 | CQ24: 0 | CR24: 0 | CS24: 0 | CT24: 0 | CU24: 0 | CV24: 0 | CW24: 0 | CX24: 0 | CY24: 0 | CZ24: 0 | DA24: 0 | DB24: 0 | DC24: 0 | DD24: (-93.84755158809095, 36.651867407983744) | DE24: 0.017614711838179226 | DF24: 0.72672309
A25: 1400000US29009960600 | B25: 29 | C25: 009 | D25: 960600 | E25: 35.897 | F25: 29009 | G25: 29009960600 | H25: MO | I25: Missouri | J25: Barry County | K25: Census Tract 9606, Barry County, Missouri | L25: 2767 | M25: 3134 | N25: 519 | O25: 2352 | P25: 2276 | Q25: 89 | R25: 1344 | S25: 433 | T25: 231 | U25: 145 | V25: 386 | W25: 21932 | X25: 3274 | Y25: 404 | Z25: 241 | AA25: 1005 | AB25: 293 | AC25: 54 | AD25: 85 | AE25: 51 | AF25: 448 | AG25: 0 | AH25: 197 | AI25: 473 | AJ25: 130 | AK25: 27 | AL25: 116 | AM25: 18 | AN25: 17 | AO25: 0 | AP25: 0.13825 | AQ25: 0.070106 | AR25: 0.133272 | AS25: 0.352634 | AT25: 21932 | AU25: 3274 | AV25: 0.158617 | AW25: 0.092221 | AX25: 0.363209 | AY25: 0.10589 | AZ25: 0.04017857 | BA25: 0.030719 | BB25: 0.016612 | BC25: 0.145904 | BD25: 0 | BE25: 0.086555 | BF25: 0.20782 | BG25: 0.056536 | BH25: 0.019536 | BI25: 0.083901 | BJ25: 0.013024 | BK25: 0.012194 | BL25: 0 | BM25: 0.535 | BN25: 0.865 | BO25: 0.4982 | BP25: 0.605 | BQ25: 2.5032 | BR25: 0.6664 | BS25: 0.997 | BT25: 0.027 | BU25: 0.038 | BV25: 1.062 | BW25: 0.143 | BX25: 0.084 | BY25: 0.834 | BZ25: 0.918 | CA25: 0.481 | CB25: 0 | CC25: 0.908 | CD25: 0.676 | CE25: 0.114 | CF25: 0 | CG25: 1.698 | CH25: 0.233 | CI25: 6.1812 | CJ25: 0.4022 | CK25: 0 | CL25: 0 | CM25: 0 | CN25: 0 | CO25: 0 | CP25: 1 | CQ25: 0 | CR25: 0 | CS25: 1 | CT25: 0 | CU25: 0 | CV25: 0 | CW25: 0 | CX25: 1 | CY25: 0 | CZ25: 0 | DA25: 0 | DB25: 1 | DC25: 2 | DD25: (-93.6464339859266, 36.53982965721335) | DE25: 0.011183342 | DF25: 0.6237392039146049
A26: 1400000US29009960100 | B26: 29 | C26: 009 | D26: 960100 | E26: 277.076 | F26: 29009 | G26: 29009960100 | H26: MO | I26: Missouri | J26: Barry County | K26: Census Tract 9601, Barry County, Missouri | L26: 6127 | M26: 6163 | N26: 563 | O26: 3551 | P26: 3382 | Q26: 155 | R26: 2556 | S26: 639 | T26: 235 | U26: 239 | V26: 401 | W26: 19899 | X26: 2570 | Y26: 803 | Z26: 292 | AA26: 1259 | AB26: 1220 | AC26: 177 | AD26: 289 | AE26: 0 | AF26: 456 | AG26: 0 | AH26: 197 | AI26: 661 | AJ26: 173 | AK26: 63 | AL26: 127 | AM26: 39 | AN26: 34 | AO26: 0 | AP26: 0.105029 | AQ26: 0.037501 | AR26: 0.098273 | AS26: 0.164334 | AT26: 19899 | AU26: 2570 | AV26: 0.183584 | AW26: 0.064793 | AX26: 0.205483 | AY26: 0.199118 | AZ26: 0.06924882 | BA26: 0.047168 | BB26: 0 | BC26: 0.078458 | BD26: 0 | BE26: 0.058249 | BF26: 0.195446 | BG26: 0.050362 | BH26: 0.024174 | BI26: 0.048692 | BJ26: 0.014965 | BK26: 0.012988 | BL26: 0 | BM26: 0.39 | BN26: 0.722 | BO26: 0.6209 | BP26: 0.697 | BQ26: 2.4299 | BR26: 0.6419 | BS26: 0.897 | BT26: 0.184 | BU26: 0.209 | BV26: 1.29 | BW26: 0.294 | BX26: 0.23 | BY26: 0 | BZ26: 0.23 | CA26: 0.101 | CB26: 0 | CC26: 0.892 | CD26: 0.745 | CE26: 0.133 | CF26: 0 | CG26: 1.77 | CH26: 0.258 | CI26: 5.7199 | CJ26: 0.3242 | CK26: 0 | CL26: 0 | CM26: 0 | CN26: 0 | CO26: 0 | CP26: 0 | CQ26: 0 | CR26: 0 | CS26: 0 | CT26: 0 | CU26: 0 | CV26: 0 | CW26: 0 | CX26: 0 | CY26: 0 | CZ26: 0 | DA26: 0 | DB26: 0 | DC26: 0 | DD26: (-93.69522661774658, 36.74448992556688) | DE26: 0.073554385 | DF26: 1.5223946765426895
A27: 1400000US29009960200 | B27: 29 | C27: 009 | D27: 960200 | E27: 173.85 | F27: 29009 | G27: 29009960200 | H27: MO | I27: Missouri | J27: Barry County | K27: Census Tract 9602, Barry County, Missouri | L27: 6418 | M27: 7123 | N27: 627 | O27: 2752 | P27: 2907 | Q27: 150 | R27: 2389 | S27: 1316 | T27: 386 | U27: 360 | V27: 304 | W27: 17093 | X27: 2275 | Y27: 1157 | Z27: 254 | AA27: 875 | AB27: 1787 | AC27: 268 | AD27: 1034 | AE27: 265 | AF27: 416 | AG27: 22 | AH27: 115 | AI27: 559 | AJ27: 146 | AK27: 105 | AL27: 136 | AM27: 52 | AN27: 28 | AO27: 0 | AP27: 0.185039 | AQ27: 0.051773 | AR27: 0.112079 | AS27: 0.093812 | AT27: 17093 | AU27: 2275 | AV27: 0.257626 | AW27: 0.051845 | AX27: 0.136335 | AY27: 0.278435 | AZ27: 0.11218082 | BA27: 0.161109 | BB27: 0.040012 | BC27: 0.062716 | BD27: 0.007567 | BE27: 0.039557 | BF27: 0.192294 | BG27: 0.049233 | BH27: 0.04165 | BI27: 0.053852 | BJ27: 0.020626 | BK27: 0.010993 | BL27: 0 | BM27: 0.688 | BN27: 0.793 | BO27: 0.7805 | BP27: 0.886 | BQ27: 3.1475 | BR27: 0.839 | BS27: 0.466 | BT27: 0.841 | BU27: 0.605 | BV27: 1.912 | BW27: 0.807 | BX27: 0.653 | BY27: 0.947 | BZ27: 1.6 | CA27: 0.871 | CB27: 0.359 | CC27: 0.886 | CD27: 0.9 | CE27: 0.189 | CF27: 0 | CG27: 2.334 | CH27: 0.473 | CI27: 8.9935 | CJ27: 0.852 | CK27: 0 | CL27: 0 | CM27: 0 | CN27: 0 | CO27: 0 | CP27: 0 | CQ27: 0 | CR27: 0 | CS27: 0 | CT27: 0 | CU27: 1 | CV27: 1 | CW27: 0 | CX27: 0 | CY27: 1 | CZ27: 0 | DA27: 0 | DB27: 1 | DC27: 2 | DD27: (-93.92602773996794, 36.82529288837706) | DE27: 0.045559149526850945 | DF27: 1.313433048625097
A28: 1400000US29009960401 | B28: 29 | C28: 009 | D28: 960401 | E28: 130.545 | F28: 29009 | G28: 29009960401 | H28: MO | I28: Missouri | J28: Barry County | K28: Census Tract 9604.01, Barry County, Missouri | L28: 4190 | M28: 3739 | N28: 394 | O28: 1924 | P28: 1941 | Q28: 106 | R28: 1617 | S28: 859 | T28: 338 | U28: 139 | V28: 371 | W28: 16905 | X28: 3480 | Y28: 577 | Z28: 297 | AA28: 615 | AB28: 1049 | AC28: 166 | AD28: 244 | AE28: 0 | AF28: 456 | AG28: 0 | AH28: 197 | AI28: 643 | AJ28: 143 | AK28: 49 | AL28: 118 | AM28: 78 | AN28: 63 | AO28: 0 | AP28: 0.230913 | AQ28: 0.087558 | AR28: 0.077093 | AS28: 0.205455 | AT28: 16905 | AU28: 3480 | AV28: 0.243665 | AW28: 0.122646 | AX28: 0.146778 | AY28: 0.250358 | AZ28: 0.10265924 | BA28: 0.058233 | BB28: 0 | BC28: 0.135835 | BD28: 0 | BE28: 0.101494 | BF28: 0.331272 | BG28: 0.071417 | BH28: 0.03322 | BI28: 0.079934 | BJ28: 0.052881 | BK28: 0.042398 | BL28: 0 | BM28: 0.792 | BN28: 0.582 | BO28: 0.7928 | BP28: 0.857 | BQ28: 3.0238 | BR28: 0.8072 | BS28: 0.552 | BT28: 0.6 | BU28: 0.516 | BV28: 1.668 | BW28: 0.614 | BX28: 0.303 | BY28: 0 | BZ28: 0.303 | CA28: 0.13 | CB28: 0 | CC28: 0.985 | CD28: 0.845 | CE28: 0.511 | CF28: 0 | CG28: 2.341 | CH28: 0.48 | CI28: 7.3358 | CJ28: 0.6159 | CK28: 0 | CL28: 0 | CM28: 0 | CN28: 0 | CO28: 0 | CP28: 0 | CQ28: 0 | CR28: 0 | CS28: 0 | CT28: 0 | CU28: 0 | CV28: 0 | CW28: 0 | CX28: 1 | CY28: 0 | CZ28: 0 | DA28: 0 | DB28: 1 | DC28: 1 | DD28: (-93.9352540289497, 36.55499473604166) | DE28: 0.034249051780438855 | DF28: 1.0024556830710116
A29: 1400000US29011960100 | B29: 29 | C29: 011 | D29: 960100 | E29: 218.526 | F29: 29011 | G29: 29011960100 | H29: MO | I29: Missouri | J29: Barton County | K29: Census Tract 9601, Barton County, Missouri | L29: 2986 | M29: 3142 | N29: 208 | O29: 1391 | P29: 1359 | Q29: 91 | R29: 1203 | S29: 490 | T29: 165 | U29: 107 | V29: 364 | W29: 18701 | X29: 2442 | Y29: 280 | Z29: 207 | AA29: 517 | AB29: 712 | AC29: 99 | AD29: 139 | AE29: 9 | AF29: 442 | AG29: 0 | AH29: 197 | AI29: 203 | AJ29: 54 | AK29: 14 | AL29: 115 | AM29: 100 | AN29: 46 | AO29: 6 | AP29: 0.1561 | AQ29: 0.051526 | AR29: 0.075511 | AS29: 0.256754 | AT29: 18701 | AU29: 2442 | AV29: 0.133143 | AW29: 0.097953 | AX29: 0.173141 | AY29: 0.238446 | AZ29: 0.08229426 | BA29: 0.04655 | BB29: 0.003012 | BC29: 0.147924 | BD29: 0 | BE29: 0.144959 | BF29: 0.149374 | BG29: 0.038455 | BH29: 0.011447 | BI29: 0.094027 | BJ29: 0.081766 | BK29: 0.037106 | BL29: 0.002009 | BM29: 0.6 | BN29: 0.566 | BO29: 0.6903 | BP29: 0.485 | BQ29: 2.3413 | BR29: 0.6101 | BS29: 0.754 | BT29: 0.479 | BU29: 0.327 | BV29: 1.56 | BW29: 0.532 | BX29: 0.227 | BY29: 0.451 | BZ29: 0.678 | CA29: 0.323 | CB29: 0 | CC29: 0.816 | CD29: 0.511 | CE29: 0.685 | CF29: 0.443 | CG29: 2.455 | CH29: 0.541 | CI29: 7.0343 | CJ29: 0.5531 | CK29: 0 | CL29: 0 | CM29: 0 | CN29: 0 | CO29: 0 | CP29: 0 | CQ29: 0 | CR29: 0 | CS29: 0 | CT29: 0 | CU29: 0 | CV29: 0 | CW29: 0 | CX29: 0 | CY29: 0 | CZ29: 0 | DA29: 0 | DB29: 0 | DC29: 0 | DD29: (-94.17851253130083, 37.49502617501359) | DE29: 0.058081546691491265 | DF29: 1.1825763
A30: 1400000US29011960200 | B30: 29 | C30: 011 | D30: 960200 | E30: 354.829 | F30: 29011 | G30: 29011960200 | H30: MO | I30: Missouri | J30: Barton County | K30: Census Tract 9602, Barton County, Missouri | L30: 4104 | M30: 4158 | N30: 224 | O30: 1766 | P30: 1786 | Q30: 128 | R30: 1546 | S30: 534 | T30: 179 | U30: 110 | V30: 400 | W30: 19593 | X30: 2302 | Y30: 359 | Z30: 182 | AA30: 586 | AB30: 1158 | AC30: 106 | AD30: 224 | AE30: 62 | AF30: 415 | AG30: 0 | AH30: 197 | AI30: 278 | AJ30: 67 | AK30: 60 | AL30: 120 | AM30: 88 | AN30: 37 | AO30: 0 | AP30: 0.128674 | AQ30: 0.042569 | AR30: 0.058448 | AS30: 0.212465 | AT30: 19593 | AU30: 2302 | AV30: 0.126009 | AW30: 0.063389 | AX30: 0.142787 | AY30: 0.282163 | AZ30: 0.06856403 | BA30: 0.05458 | BB30: 0.016 | BC30: 0.107093 | BD30: 0 | BE30: 0.110302 | BF30: 0.155655 | BG30: 0.035816 | BH30: 0.037313 | BI30: 0.074564 | BJ30: 0.054726 | BK30: 0.022573 | BL30: 0 | BM30: 0.491 | BN30: 0.398 | BO30: 0.6404 | BP30: 0.453 | BQ30: 1.9824 | BR30: 0.4895 | BS30: 0.523 | BT30: 0.856 | BU30: 0.203 | BV30: 1.582 | BW30: 0.553 | BX30: 0.281 | BY30: 0.824 | BZ30: 1.105 | CA30: 0.617 | CB30: 0 | CC30: 0.83 | CD30: 0.876 | CE30: 0.527 | CF30: 0 | CG30: 2.233 | CH30: 0.431 | CI30: 6.9024 | CJ30: 0.5307 | CK30: 0 | CL30: 0 | CM30: 0 | CN30: 0 | CO30: 0 | CP30: 0 | CQ30: 0 | CR30: 0 | CS30: 0 | CT30: 0 | CU30: 0 | CV30: 0 | CW30: 0 | CX30: 0 | CY30: 0 | CZ30: 0 | DA30: 0 | DB30: 0 | DC30: 0 | DD30: (-94.45462855748012, 37.50761856351083) | DE30: 0.094374479 | DF30: 1.2988932259296477
A31: 1400000US29011960300 | B31: 29 | C31: 011 | D31: 960300 | E31: 18.566 | F31: 29011 | G31: 29011960300 | H31: MO | I31: Missouri | J31: Barton County | K31: Census Tract 9603, Barton County, Missouri | L31: 5312 | M31: 5334 | N31: 206 | O31: 2443 | P31: 2473 | Q31: 174 | R31: 2180 | S31: 938 | T31: 274 | U31: 119 | V31: 401 | W31: 18991 | X31: 2206 | Y31: 633 | Z31: 280 | AA31: 1029 | AB31: 1344 | AC31: 257 | AD31: 335 | AE31: 15 | AF31: 442 | AG31: 69 | AH31: 124 | AI31: 173 | AJ31: 99 | AK31: 93 | AL31: 135 | AM31: 203 | AN31: 101 | AO31: 84 | AP31: 0.1799 | AQ31: 0.051916 | AR31: 0.053773 | AS31: 0.181124 | AT31: 18991 | AU31: 2206 | AV31: 0.18634 | AW31: 0.081504 | AX31: 0.193712 | AY31: 0.253012 | AZ31: 0.1178899 | BA31: 0.063064 | BB31: 0.003046 | BC31: 0.089782 | BD31: 0.027901 | BE31: 0.050103 | BF31: 0.069955 | BG31: 0.039728 | BH31: 0.043195 | BI31: 0.062582 | BJ31: 0.094287 | BK31: 0.046135 | BL31: 0.015813 | BM31: 0.675 | BN31: 0.335 | BO31: 0.6715 | BP31: 0.71 | BQ31: 2.3915 | BR31: 0.6274 | BS31: 0.853 | BT31: 0.64 | BU31: 0.655 | BV31: 2.148 | BW31: 0.946 | BX31: 0.33 | BY31: 0.452 | BZ31: 0.782 | CA31: 0.383 | CB31: 0.535 | CC31: 0.649 | CD31: 0.907 | CE31: 0.734 | CF31: 0.658 | CG31: 3.483 | CH31: 0.931 | CI31: 8.8045 | CJ31: 0.8274 | CK31: 0 | CL31: 0 | CM31: 0 | CN31: 0 | CO31: 0 | CP31: 0 | CQ31: 0 | CR31: 0 | CS31: 0 | CT31: 0 | CU31: 0 | CV31: 0 | CW31: 0 | CX31: 0 | CY31: 1 | CZ31: 0 | DA31: 0 | DB31: 1 | DC31: 1 | DD31: (-94.27664614013958, 37.48721823548631) | DE31: 0.0050184848 | DF31: 0.3774946938406599
A32: 1400000US29013070100 | B32: 29 | C32: 013 | D32: 070100 | E32: 277.196 | F32: 29013 | G32: 29013070100 | H32: MO | I32: Missouri | J32: Bates County | K32: Census Tract 701, Bates County, Missouri | L32: 5248 | M32: 5219 | N32: 374 | O32: 2286 | P32: 2219 | Q32: 105 | R32: 2036 | S32: 558 | T32: 181 | U32: 196 | V32: 291 | W32: 19991 | X32: 1767 | Y32: 564 | Z32: 233 | AA32: 885 | AB32: 1333 | AC32: 166 | AD32: 126 | AE32: 8 | AF32: 442 | AG32: 8 | AH32: 114 | AI32: 309 | AJ32: 103 | AK32: 13 | AL32: 115 | AM32: 34 | AN32: 21 | AO32: 73 | AP32: 0.109907 | AQ32: 0.034631 | AR32: 0.085851 | AS32: 0.127187 | AT32: 19991 | AU32: 1767 | AV32: 0.159277 | AW32: 0.065163 | AX32: 0.168635 | AY32: 0.254001 | AZ32: 0.08153241 | BA32: 0.024009 | BB32: 0.001631 | BC32: 0.090167 | BD32: 0.003605 | BE32: 0.051374 | BF32: 0.139251 | BG32: 0.045947 | BH32: 0.006559 | BI32: 0.05802 | BJ32: 0.017154 | BK32: 0.01054 | BL32: 0.01391 | BM32: 0.415 | BN32: 0.655 | BO32: 0.6152 | BP32: 0.606 | BQ32: 2.2912 | BR32: 0.5986 | BS32: 0.725 | BT32: 0.647 | BU32: 0.32 | BV32: 1.692 | BW32: 0.635 | BX32: 0.038 | BY32: 0.361 | BZ32: 0.399 | CA32: 0.161 | CB32: 0.295 | CC32: 0.799 | CD32: 0.376 | CE32: 0.152 | CF32: 0.634 | CG32: 2.256 | CH32: 0.441 | CI32: 6.6382 | CJ32: 0.4816 | CK32: 0 | CL32: 0 | CM32: 0 | CN32: 0 | CO32: 0 | CP32: 0 | CQ32: 0 | CR32: 0 | CS32: 0 | CT32: 0 | CU32: 0 | CV32: 0 | CW32: 0 | CX32: 0 | CY32: 0 | CZ32: 0 | DA32: 0 | DB32: 0 | DC32: 0 | DD32: (-94.23110835923389, 38.347725251817096) | DE32: 0.074371072 | DF32: 1.4382555742780978
A33: 1400000US29013070200 | B33: 29 | C33: 013 | D33: 070200 | E33: 341.777 | F33: 29013 | G33: 29013070200 | H33: MO | I33: Missouri | J33: Bates County | K33: Census Tract 702, Bates County, Missouri | L33: 4411 | M33: 4506 | N33: 305 | O33: 1971 | P33: 1908 | Q33: 87 | R33: 1695 | S33: 782 | T33: 277 | U33: 158 | V33: 306 | W33: 19761 | X33: 1772 | Y33: 424 | Z33: 243 | AA33: 672 | AB33: 1122 | AC33: 112 | AD33: 197 | AE33: 4 | AF33: 442 | AG33: 0 | AH33: 197 | AI33: 301 | AJ33: 68 | AK33: 52 | AL33: 39 | AM33: 44 | AN33: 23 | AO33: 0 | AP33: 0.1751 | AQ33: 0.060845 | AR33: 0.077986 | AS33: 0.150868 | AT33: 19761 | AU33: 1772 | AV33: 0.143437 | AW33: 0.081745 | AX33: 0.152346 | AY33: 0.254364 | AZ33: 0.06607669 | BA33: 0.044661 | BB33: 0.000938 | BC33: 0.103755 | BD33: 0 | BE33: 0.103249 | BF33: 0.157756 | BG33: 0.034905 | BH33: 0.031843 | BI33: 0.023791 | BJ33: 0.026944 | BK33: 0.013973 | BL33: 0 | BM33: 0.664 | BN33: 0.592 | BO33: 0.6303 | BP33: 0.539 | BQ33: 2.4253 | BR33: 0.6404 | BS33: 0.601 | BT33: 0.65 | BU33: 0.182 | BV33: 1.433 | BW33: 0.42 | BX33: 0.21 | BY33: 0.33 | BZ33: 0.54 | CA33: 0.234 | CB33: 0 | CC33: 0.835 | CD33: 0.829 | CE33: 0.258 | CF33: 0 | CG33: 1.922 | CH33: 0.312 | CI33: 6.3203 | CJ33: 0.4332 | CK33: 0 | CL33: 0 | CM33: 0 | CN33: 0 | CO33: 0 | CP33: 0 | CQ33: 0 | CR33: 0 | CS33: 0 | CT33: 0 | CU33: 0 | CV33: 0 | CW33: 0 | CX33: 0 | CY33: 0 | CZ33: 0 | DA33: 0 | DB33: 0 | DC33: 0 | DD33: (-94.50143623150173, 38.2607532267505) | DE33: 0.0925209 | DF33: 1.446619386224154
A34: 1400000US29013070300 | B34: 29 | C34: 013 | D34: 070300 | E34: 11.475 | F34: 29013 | G34: 29013070300 | H34: MO | I34: Missouri | J34: Bates County | K34: Census Tract 703, Bates County, Missouri | L34: 4520 | M34: 4513 | N34: 206 | O34: 2182 | P34: 2219 | Q34: 196 | R34: 1860 | S34: 1071 | T34: 368 | U34: 111 | V34: 433 | W34: 17035 | X34: 1927 | Y34: 508 | Z34: 315 | AA34: 948 | AB34: 1082 | AC34: 212 | AD34: 308 | AE34: 0 | AF34: 456 | AG34: 46 | AH34: 170 | AI34: 63 | AJ34: 46 | AK34: 64 | AL34: 124 | AM34: 174 | AN34: 94 | AO34: 215 | AP34: 0.246376 | AQ34: 0.083442 | AR34: 0.061941 | AS34: 0.241457 | AT34: 17035 | AU34: 1927 | AV34: 0.164454 | AW34: 0.101557 | AX34: 0.209734 | AY34: 0.23938 | AZ34: 0.11397849 | BA34: 0.068141 | BB34: 0 | BC34: 0.110867 | BD34: 0.02073 | BE34: 0.076589 | BF34: 0.028391 | BG34: 0.020577 | BH34: 0.034707 | BI34: 0.067163 | BJ34: 0.09436 | BK34: 0.050174 | BL34: 0.047566 | BM34: 0.82 | BN34: 0.436 | BO34: 0.7841 | BP34: 0.63 | BQ34: 2.6701 | BR34: 0.7119 | BS34: 0.907 | BT34: 0.492 | BU34: 0.621 | BV34: 2.02 | BW34: 0.867 | BX34: 0.354 | BY34: 0 | BZ34: 0.354 | CA34: 0.148 | CB34: 0.471 | CC34: 0.543 | CD34: 0.858 | CE34: 0.735 | CF34: 0.887 | CG34: 3.494 | CH34: 0.935 | CI34: 8.5381 | CJ34: 0.7913 | CK34: 0 | CL34: 0 | CM34: 0 | CN34: 0 | CO34: 0 | CP34: 1 | CQ34: 0 | CR34: 0 | CS34: 1 | CT34: 0 | CU34: 0 | CV34: 0 | CW34: 0 | CX34: 0 | CY34: 0 | CZ34: 0 | DA34: 0 | DB34: 0 | DC34: 1 | DD34: (-94.3362921063866, 38.260407289091575) | DE34: 0.0031006747 | DF34: 0.2816572428573288
A35: 1400000US29013070400 | B35: 29 | C35: 013 | D35: 070400 | E35: 206.241 | F35: 29013 | G35: 29013070400 | H35: MO | I35: Missouri | J35: Bates County | K35: Census Tract 704, Bates County, Missouri | L35: 2870 | M35: 2894 | N35: 302 | O35: 1403 | P35: 1453 | Q35: 83 | R35: 1153 | S35: 507 | T35: 158 | U35: 77 | V35: 303 | W35: 19423 | X35: 1892 | Y35: 450 | Z35: 243 | AA35: 514 | AB35: 717 | AC35: 85 | AD35: 122 | AE35: 3 | AF35: 442 | AG35: 6 | AH35: 161 | AI35: 225 | AJ35: 59 | AK35: 25 | AL35: 116 | AM35: 83 | AN35: 41 | AO35: 23 | AP35: 0.175432 | AQ35: 0.051506 | AR35: 0.059276 | AS35: 0.233136 | AT35: 19423 | AU35: 1892 | AV35: 0.231006 | AW35: 0.123757 | AX35: 0.179094 | AY35: 0.249825 | AZ35: 0.07372072 | BA35: 0.042508 | BB35: 0.001092 | BC35: 0.161019 | BD35: 0.004129 | BE35: 0.110804 | BF35: 0.154852 | BG35: 0.03963 | BH35: 0.021815 | BI35: 0.101206 | BJ35: 0.072425 | BK35: 0.0353 | BL35: 0.008013 | BM35: 0.666 | BN35: 0.407 | BO35: 0.6477 | BP35: 0.829 | BQ35: 2.5497 | BR35: 0.6823 | BS35: 0.782 | BT35: 0.593 | BU35: 0.247 | BV35: 1.622 | BW35: 0.582 | BX35: 0.189 | BY35: 0.336 | BZ35: 0.525 | CA35: 0.225 | CB35: 0.302 | CC35: 0.828 | CD35: 0.707 | CE35: 0.635 | CF35: 0.551 | CG35: 3.023 | CH35: 0.786 | CI35: 7.7197 | CJ35: 0.6736 | CK35: 0 | CL35: 0 | CM35: 0 | CN35: 0 | CO35: 0 | CP35: 0 | CQ35: 0 | CR35: 0 | CS35: 0 | CT35: 0 | CU35: 0 | CV35: 0 | CW35: 0 | CX35: 0 | CY35: 0 | CZ35: 0 | DA35: 0 | DB35: 0 | DC35: 0 | DD35: (-94.22043069570418, 38.1334375787573) | DE35: 0.057007981 | DF35: 1.292216050436748
A36: 1400000US29015460200 | B36: 29 | C36: 015 | D36: 460200 | E36: 112.934 | F36: 29015 | G36: 29015460200 | H36: MO | I36: Missouri | J36: Benton County | K36: Census Tract 4602, Benton County, Missouri | L36: 2466 | M36: 2688 | N36: 340 | O36: 1128 | P36: 1169 | Q36: 93 | R36: 989 | S36: 706 | T36: 230 | U36: 107 | V36: 399 | W36: 16126 | X36: 2203 | Y36: 376 | Z36: 273 | AA36: 537 | AB36: 595 | AC36: 86 | AD36: 91 | AE36: 6 | AF36: 442 | AG36: 3 | AH36: 161 | AI36: 95 | AJ36: 54 | AK36: 14 | AL36: 115 | AM36: 59 | AN36: 44 | AO36: 58 | AP36: 0.273537 | AQ36: 0.083166 | AR36: 0.106573 | AS36: 0.396842 | AT36: 16126 | AU36: 2203 | AV36: 0.207276 | AW36: 0.148323 | AX36: 0.217761 | AY36: 0.241281 | AZ36: 0.08695652 | BA36: 0.036901 | BB36: 0.002442 | BC36: 0.179967 | BD36: 0.002566 | BE36: 0.137724 | BF36: 0.081266 | BG36: 0.045738 | BH36: 0.01327 | BI36: 0.108998 | BJ36: 0.055924 | BK36: 0.041401 | BL36: 0.023519 | BM36: 0.862 | BN36: 0.77 | BO36: 0.8303 | BP36: 0.774 | BQ36: 3.2363 | BR36: 0.8628 | BS36: 0.927 | BT36: 0.506 | BU36: 0.376 | BV36: 1.809 | BW36: 0.728 | BX36: 0.135 | BY36: 0.407 | BZ36: 0.542 | CA36: 0.236 | CB36: 0.279 | CC36: 0.677 | CD36: 0.556 | CE36: 0.541 | CF36: 0.752 | CG36: 2.805 | CH36: 0.691 | CI36: 8.3923 | CJ36: 0.7726 | CK36: 0 | CL36: 0 | CM36: 0 | CN36: 0 | CO36: 0 | CP36: 1 | CQ36: 0 | CR36: 0 | CS36: 1 | CT36: 0 | CU36: 0 | CV36: 0 | CW36: 0 | CX36: 0 | CY36: 0 | CZ36: 0 | DA36: 0 | DB36: 0 | DC36: 1 | DD36: (-93.40055504640561, 38.43999349085813) | DE36: 0.030261068 | DF36: 0.82937206
A37: 1400000US29015460300 | B37: 29 | C37: 015 | D37: 460300 | E37: 67.292 | F37: 29015 | G37: 29015460300 | H37: MO | I37: Missouri | J37: Benton County | K37: Census Tract 4603, Benton County, Missouri | L37: 4378 | M37: 4080 | N37: 371 | O37: 2581 | P37: 2581 | Q37: 114 | R37: 1917 | S37: 674 | T37: 254 | U37: 117 | V37: 384 | W37: 20395 | X37: 2325 | Y37: 681 | Z37: 276 | AA37: 1166 | AB37: 835 | AC37: 161 | AD37: 223 | AE37: 0 | AF37: 456 | AG37: 0 | AH37: 197 | AI37: 358 | AJ37: 102 | AK37: 32 | AL37: 32 | AM37: 143 | AN37: 79 | AO37: 115 | AP37: 0.171632 | AQ37: 0.062476 | AR37: 0.072942 | AS37: 0.239146 | AT37: 20395 | AU37: 2325 | AV37: 0.217989 | AW37: 0.086391 | AX37: 0.266331 | AY37: 0.190726 | AZ37: 0.08398539 | BA37: 0.050936 | BB37: 0 | BC37: 0.11518 | BD37: 0 | BE37: 0.076327 | BF37: 0.138705 | BG37: 0.039041 | BH37: 0.017316 | BI37: 0.017252 | BJ37: 0.07738 | BK37: 0.042233 | BL37: 0.026267 | BM37: 0.65 | BN37: 0.538 | BO37: 0.5884 | BP37: 0.797 | BQ37: 2.5734 | BR37: 0.6924 | BS37: 0.979 | BT37: 0.152 | BU37: 0.35 | BV37: 1.481 | BW37: 0.466 | BX37: 0.251 | BY37: 0 | BZ37: 0.251 | CA37: 0.108 | CB37: 0 | CC37: 0.795 | CD37: 0.633 | CE37: 0.658 | CF37: 0.782 | CG37: 2.868 | CH37: 0.719 | CI37: 7.1734 | CJ37: 0.5848 | CK37: 0 | CL37: 0 | CM37: 0 | CN37: 0 | CO37: 0 | CP37: 1 | CQ37: 0 | CR37: 0 | CS37: 1 | CT37: 0 | CU37: 0 | CV37: 0 | CW37: 0 | CX37: 0 | CY37: 0 | CZ37: 0 | DA37: 0 | DB37: 0 | DC37: 1 | DD37: (-93.3965342055821, 38.32458422566202) | DE37: 0.020190378957370258 | DF37: 0.7769681567473826
A38: 1400000US29015460400 | B38: 29 | C38: 015 | D38: 460400 | E38: 83.533 | F38: 29015 | G38: 29015460400 | H38: MO | I38: Missouri | J38: Benton County | K38: Census Tract 4604, Benton County, Missouri | L38: 2269 | M38: 2124 | N38: 299 | O38: 2373 | P38: 2241 | Q38: 139 | R38: 1066 | S38: 328 | T38: 171 | U38: 70 | V38: 473 | W38: 16449 | X38: 2266 | Y38: 369 | Z38: 291 | AA38: 653 | AB38: 322 | AC38: 54 | AD38: 80 | AE38: 0 | AF38: 456 | AG38: 0 | AH38: 197 | AI38: 474 | AJ38: 150 | AK38: 73 | AL38: 127 | AM38: 74 | AN38: 66 | AO38: 4 | AP38: 0.154425 | AQ38: 0.077517 | AR38: 0.10558 | AS38: 0.711052 | AT38: 16449 | AU38: 2266 | AV38: 0.20297 | AW38: 0.157158 | AX38: 0.287791 | AY38: 0.141912 | AZ38: 0.05065666 | BA38: 0.035257 | BB38: 0 | BC38: 0.214689 | BD38: 0 | BE38: 0.087907 | BF38: 0.211512 | BG38: 0.065636 | BH38: 0.073514 | BI38: 0.127366 | BJ38: 0.074521 | BK38: 0.065412 | BL38: 0.001762 | BM38: 0.593 | BN38: 0.766 | BO38: 0.8152 | BP38: 0.758 | BQ38: 2.9322 | BR38: 0.7892 | BS38: 0.984 | BT38: 0.054 | BU38: 0.076 | BV38: 1.114 | BW38: 0.176 | BX38: 0.122 | BY38: 0 | BZ38: 0.122 | CA38: 0.058 | CB38: 0 | CC38: 0.912 | CD38: 0.981 | CE38: 0.646 | CF38: 0.435 | CG38: 2.974 | CH38: 0.764 | CI38: 7.1422 | CJ38: 0.5776 | CK38: 0 | CL38: 0 | CM38: 0 | CN38: 0 | CO38: 0 | CP38: 1 | CQ38: 0 | CR38: 0 | CS38: 1 | CT38: 0 | CU38: 0 | CV38: 0 | CW38: 0 | CX38: 1 | CY38: 1 | CZ38: 0 | DA38: 0 | DB38: 2 | DC38: 3 | DD38: (-93.17772301729, 38.306048245489116) | DE38: 0.023465643 | DF38: 0.8089296349524091
A39: 1400000US29015460700 | B39: 29 | C39: 015 | D39: 460700 | E39: 95.449 | F39: 29015 | G39: 29015460700 | H39: MO | I39: Missouri | J39: Benton County | K39: Census Tract 4607, Benton County, Missouri | L39: 2821 | M39: 2649 | N39: 426 | O39: 3272 | P39: 3073 | Q39: 170 | R39: 1368 | S39: 435 | T39: 220 | U39: 51 | V39: 487 | W39: 24278 | X39: 4254 | Y39: 567 | Z39: 319 | AA39: 925 | AB39: 320 | AC39: 52 | AD39: 87 | AE39: 0 | AF39: 456 | AG39: 38 | AH39: 169 | AI39: 924 | AJ39: 185 | AK39: 23 | AL39: 120 | AM39: 12 | AN39: 116 | AO39: 10 | AP39: 0.164212 | AQ39: 0.078739 | AR39: 0.053125 | AS39: 0.50682 | AT39: 24278 | AU39: 4254 | AV39: 0.240764 | AW39: 0.130893 | AX39: 0.327897 | AY39: 0.113434 | AZ39: 0.03801169 | BA39: 0.03084 | BB39: 0 | BC39: 0.173449 | BD39: 0.012365 | BE39: 0.05499 | BF39: 0.300683 | BG39: 0.057858 | BH39: 0.017189 | BI39: 0.089648 | BJ39: 0.008968 | BK39: 0.086686 | BL39: 0.003544 | BM39: 0.624 | BN39: 0.325 | BO39: 0.3819 | BP39: 0.848 | BQ39: 2.1789 | BR39: 0.5574 | BS39: 0.993 | BT39: 0.033 | BU39: 0.032 | BV39: 1.058 | BW39: 0.14 | BX39: 0.085 | BY39: 0 | BZ39: 0.085 | CA39: 0.04 | CB39: 0.403 | CC39: 0.981 | CD39: 0.633 | CE39: 0.076 | CF39: 0.488 | CG39: 2.581 | CH39: 0.596 | CI39: 5.9029 | CJ39: 0.3552 | CK39: 0 | CL39: 0 | CM39: 0 | CN39: 0 | CO39: 0 | CP39: 1 | CQ39: 0 | CR39: 0 | CS39: 1 | CT39: 0 | CU39: 0 | CV39: 0 | CW39: 0 | CX39: 1 | CY39: 0 | CZ39: 0 | DA39: 0 | DB39: 1 | DC39: 2 | DD39: (-93.43886450665872, 38.18514012104636) | DE39: 0.032949907 | DF39: 1.0176688940941083
A40: 1400000US29015460100 | B40: 29 | C40: 015 | D40: 460100 | E40: 143.388 | F40: 29015 | G40: 29015460100 | H40: MO | I40: Missouri | J40: Benton County | K40: Census Tract 4601, Benton County, Missouri | L40: 3211 | M40: 3350 | N40: 323 | O40: 1512 | P40: 1618 | Q40: 95 | R40: 1312 | S40: 586 | T40: 256 | U40: 74 | V40: 443 | W40: 22583 | X40: 3945 | Y40: 346 | Z40: 277 | AA40: 659 | AB40: 724 | AC40: 109 | AD40: 95 | AE40: 0 | AF40: 456 | AG40: 0 | AH40: 197 | AI40: 212 | AJ40: 92 | AK40: 34 | AL40: 120 | AM40: 46 | AN40: 37 | AO40: 56 | AP40: 0.175554 | AQ40: 0.074811 | AR40: 0.056748 | AS40: 0.339636 | AT40: 22583 | AU40: 3945 | AV40: 0.155365 | AW40: 0.1235 | AX40: 0.205232 | AY40: 0.225474 | AZ40: 0.08307926 | BA40: 0.029585 | BB40: 0 | BC40: 0.145593 | BD40: 0 | BE40: 0.121755 | BF40: 0.131025 | BG40: 0.056337 | BH40: 0.024926 | BI40: 0.087946 | BJ40: 0.033724 | BK40: 0.026949 | BL40: 0.01744 | BM40: 0.666 | BN40: 0.378 | BO40: 0.465 | BP40: 0.587 | BQ40: 2.096 | BR40: 0.5271 | BS40: 0.894 | BT40: 0.344 | BU40: 0.338 | BV40: 1.576 | BW40: 0.546 | BX40: 0.077 | BY40: 0 | BZ40: 0.077 | CA40: 0.038 | CB40: 0 | CC40: 0.778 | CD40: 0.755 | CE40: 0.322 | CF40: 0.678 | CG40: 2.533 | CH40: 0.574 | CI40: 6.282 | CJ40: 0.4245 | CK40: 0 | CL40: 0 | CM40: 0 | CN40: 0 | CO40: 0 | CP40: 0 | CQ40: 0 | CR40: 0 | CS40: 0 | CT40: 0 | CU40: 0 | CV40: 0 | CW40: 0 | CX40: 0 | CY40: 0 | CZ40: 0 | DA40: 0 | DB40: 0 | DC40: 0 | DD40: (-93.18357202224122, 38.44727792077374) | DE40: 0.038460939 | DF40: 0.9313575382045896
A41: 1400000US29015460800 | B41: 29 | C41: 015 | D41: 460800 | E41: 201.463 | F41: 29015 | G41: 29015460800 | H41: MO | I41: Missouri | J41: Benton County | K41: Census Tract 4608, Benton County, Missouri | L41: 3911 | M41: 4084 | N41: 518 | O41: 3284 | P41: 3301 | Q41: 131 | R41: 1797 | S41: 697 | T41: 316 | U41: 74 | V41: 490 | W41: 18900 | X41: 4199 | Y41: 454 | Z41: 337 | AA41: 996 | AB41: 641 | AC41: 111 | AD41: 169 | AE41: 0 | AF41: 456 | AG41: 0 | AH41: 197 | AI41: 624 | AJ41: 137 | AK41: 30 | AL41: 123 | AM41: 107 | AN41: 78 | AO41: 1 | AP41: 0.170666 | AQ41: 0.074285 | AR41: 0.051353 | AS41: 0.339803 | AT41: 18900 | AU41: 4199 | AV41: 0.151031 | AW41: 0.110853 | AX41: 0.254666 | AY41: 0.163896 | AZ41: 0.06176961 | BA41: 0.043211 | BB41: 0 | BC41: 0.117163 | BD41: 0 | BE41: 0.059678 | BF41: 0.189033 | BG41: 0.040818 | BH41: 0.01791 | BI41: 0.0734 | BJ41: 0.06388 | BK41: 0.045919 | BL41: 0.000255 | BM41: 0.645 | BN41: 0.309 | BO41: 0.6773 | BP41: 0.571 | BQ41: 2.2023 | BR41: 0.5682 | BS41: 0.969 | BT41: 0.091 | BU41: 0.143 | BV41: 1.203 | BW41: 0.231 | BX41: 0.199 | BY41: 0 | BZ41: 0.199 | CA41: 0.091 | CB41: 0 | CC41: 0.876 | CD41: 0.645 | CE41: 0.589 | CF41: 0.348 | CG41: 2.458 | CH41: 0.543 | CI41: 6.0623 | CJ41: 0.3819 | CK41: 0 | CL41: 0 | CM41: 0 | CN41: 0 | CO41: 0 | CP41: 1 | CQ41: 0 | CR41: 0 | CS41: 1 | CT41: 0 | CU41: 0 | CV41: 0 | CW41: 0 | CX41: 0 | CY41: 0 | CZ41: 0 | DA41: 0 | DB41: 0 | DC41: 1 | DD41: (-93.21626320950112, 38.15941675600233) | DE41: 0.055382916 | DF41: 1.170227796263969
A42: 1400000US29017950100 | B42: 29 | C42: 017 | D42: 950100 | E42: 248.637 | F42: 29017 | G42: 29017950100 | H42: MO | I42: Missouri | J42: Bollinger County | K42: Census Tract 9501, Bollinger County, Missouri | L42: 4691 | M42: 4559 | N42: 355 | O42: 2163 | P42: 2071 | Q42: 110 | R42: 1803 | S42: 564 | T42: 223 | U42: 169 | V42: 436 | W42: 20910 | X42: 2463 | Y42: 784 | Z42: 272 | AA42: 752 | AB42: 1090 | AC42: 141 | AD42: 134 | AE42: 0 | AF42: 456 | AG42: 0 | AH42: 197 | AI42: 461 | AJ42: 134 | AK42: 4 | AL42: 114 | AM42: 61 | AN42: 49 | AO42: 60 | AP42: 0.124065 | AQ42: 0.048093 | AR42: 0.080056 | AS42: 0.206346 | AT42: 20910 | AU42: 2463 | AV42: 0.244236 | AW42: 0.083111 | AX42: 0.160306 | AY42: 0.232359 | AZ42: 0.07820299 | BA42: 0.028565 | BB42: 0 | BC42: 0.108287 | BD42: 0 | BE42: 0.095123 | BF42: 0.222597 | BG42: 0.063613 | BH42: 0.002302 | BI42: 0.06563 | BJ42: 0.035118 | BK42: 0.028092 | BL42: 0.01279 | BM42: 0.469 | BN42: 0.61 | BO42: 0.5588 | BP42: 0.858 | BQ42: 2.4958 | BR42: 0.6635 | BS42: 0.666 | BT42: 0.414 | BU42: 0.287 | BV42: 1.367 | BW42: 0.363 | BX42: 0.069 | BY42: 0 | BZ42: 0.069 | CA42: 0.033 | CB42: 0 | CC42: 0.923 | CD42: 0.285 | CE42: 0.337 | CF42: 0.617 | CG42: 2.162 | CH42: 0.403 | CI42: 6.0938 | CJ42: 0.3892 | CK42: 0 | CL42: 0 | CM42: 0 | CN42: 0 | CO42: 0 | CP42: 0 | CQ42: 0 | CR42: 0 | CS42: 0 | CT42: 0 | CU42: 0 | CV42: 0 | CW42: 0 | CX42: 1 | CY42: 0 | CZ42: 0 | DA42: 0 | DB42: 1 | DC42: 1 | DD42: (-90.00691356171939, 37.480700377539925) | DE42: 0.065702706 | DF42: 1.1808857471151368
A43: 1400000US29017950200 | B43: 29 | C43: 017 | D43: 950200 | E43: 114.484 | F43: 29017 | G43: 29017950200 | H43: MO | I43: Missouri | J43: Bollinger County | K43: Census Tract 9502, Bollinger County, Missouri | L43: 4609 | M43: 4738 | N43: 379 | O43: 2086 | P43: 2080 | Q43: 101 | R43: 1803 | S43: 1311 | T43: 401 | U43: 144 | V43: 400 | W43: 16295 | X43: 2095 | Y43: 712 | Z43: 220 | AA43: 810 | AB43: 1145 | AC43: 177 | AD43: 140 | AE43: 19 | AF43: 427 | AG43: 39 | AH43: 25 | AI43: 352 | AJ43: 100 | AK43: 72 | AL43: 53 | AM43: 237 | AN43: 83 | AO43: 103 | AP43: 0.281996 | AQ43: 0.083397 | AR43: 0.07826 | AS43: 0.217221 | AT43: 16295 | AU43: 2095 | AV43: 0.239006 | AW43: 0.07169 | AX43: 0.175743 | AY43: 0.248426 | AZ43: 0.09816971 | BA43: 0.030375 | BB43: 0.004307 | BC43: 0.096802 | BD43: 0.01875 | BE43: 0.011984 | BF43: 0.16923 | BG43: 0.047369 | BH43: 0.039473 | BI43: 0.028905 | BJ43: 0.129934 | BK43: 0.044445 | BL43: 0.022347 | BM43: 0.868 | BN43: 0.595 | BO43: 0.8245 | BP43: 0.843 | BQ43: 3.1305 | BR43: 0.8339 | BS43: 0.764 | BT43: 0.579 | BU43: 0.476 | BV43: 1.819 | BW43: 0.735 | BX43: 0.081 | BY43: 0.528 | BZ43: 0.609 | CA43: 0.276 | CB43: 0.454 | CC43: 0.851 | CD43: 0.891 | CE43: 0.829 | CF43: 0.741 | CG43: 3.766 | CH43: 0.983 | CI43: 9.3245 | CJ43: 0.8888 | CK43: 0 | CL43: 0 | CM43: 0 | CN43: 0 | CO43: 0 | CP43: 0 | CQ43: 0 | CR43: 0 | CS43: 0 | CT43: 0 | CU43: 0 | CV43: 0 | CW43: 0 | CX43: 0 | CY43: 0 | CZ43: 0 | DA43: 0 | DB43: 0 | DC43: 0 | DD43: (-89.98051461099001, 37.30866464525506) | DE43: 0.030189603 | DF43: 0.9605523625801625
A44: 1400000US29017950300 | B44: 29 | C44: 017 | D44: 950300 | E44: 254.785 | F44: 29017 | G44: 29017950300 | H44: MO | I44: Missouri | J44: Bollinger County | K44: Census Tract 9503, Bollinger County, Missouri | L44: 3063 | M44: 3148 | N44: 328 | O44: 1629 | P44: 1712 | Q44: 79 | R44: 1241 | S44: 549 | T44: 133 | U44: 94 | V44: 325 | W44: 17032 | X44: 1473 | Y44: 607 | Z44: 156 | AA44: 497 | AB44: 682 | AC44: 94 | AD44: 52 | AE44: 0 | AF44: 456 | AG44: 0 | AH44: 197 | AI44: 446 | AJ44: 69 | AK44: 48 | AL44: 119 | AM44: 43 | AN44: 28 | AO44: 0 | AP44: 0.17484 | AQ44: 0.038322 | AR44: 0.066197 | AS44: 0.228747 | AT44: 17032 | AU44: 1473 | AV44: 0.270982 | AW44: 0.065569 | AX44: 0.162259 | AY44: 0.222657 | AZ44: 0.07574536 | BA44: 0.016976 | BB44: 0 | BC44: 0.15205 | BD44: 0 | BE44: 0.11507 | BF44: 0.260514 | BG44: 0.038469 | BH44: 0.038523 | BI44: 0.095453 | BJ44: 0.03451 | BK44: 0.022293 | BL44: 0 | BM44: 0.663 | BN44: 0.48 | BO44: 0.7848 | BP44: 0.907 | BQ44: 2.8348 | BR44: 0.7603 | BS44: 0.684 | BT44: 0.325 | BU44: 0.263 | BV44: 1.272 | BW44: 0.284 | BX44: 0.009 | BY44: 0 | BZ44: 0.009 | CA44: 0.005 | CB44: 0 | CC44: 0.964 | CD44: 0.884 | CE44: 0.328 | CF44: 0 | CG44: 2.176 | CH44: 0.409 | CI44: 6.2918 | CJ44: 0.4267 | CK44: 0 | CL44: 0 | CM44: 0 | CN44: 1 | CO44: 1 | CP44: 0 | CQ44: 0 | CR44: 0 | CS44: 0 | CT44: 0 | CU44: 0 | CV44: 0 | CW44: 0 | CX44: 1 | CY44: 0 | CZ44: 0 | DA44: 0 | DB44: 1 | DC44: 2 | DD44: (-90.06468571834884, 37.17430064908815) | DE44: 0.067680065 | DF44: 1.4305907755850367
A45: 1400000US29019000200 | B45: 29 | C45: 019 | D45: 000200 | E45: 0.347 | F45: 29019 | G45: 29019000200 | H45: MO | I45: Missouri | J45: Boone County | K45: Census Tract 2, Boone County, Missouri | L45: 1730 | M45: 2035 | N45: 444 | O45: 858 | P45: 893 | Q45: 63 | R45: 795 | S45: 531 | T45: 205 | U45: 69 | V45: 460 | W45: 13349 | X45: 2153 | Y45: 152 | Z45: 368 | AA45: 53 | AB45: 108 | AC45: 49 | AD45: 310 | AE45: 24 | AF45: 427 | AG45: 87 | AH45: 62 | AI45: 0 | AJ45: 114 | AK45: 5 | AL45: 115 | AM45: 88 | AN45: 132 | AO45: 349 | AP45: 0.342139 | AQ45: 0.114082 | AR45: 0.046843 | AS45: 0.312102 | AT45: 13349 | AU45: 2153 | AV45: 0.157024 | AW45: 0.377403 | AX45: 0.030635 | AY45: 0.062427 | AZ45: 0.06163522 | BA45: 0.17919 | BB45: 0.012 | BC45: 0.213484 | BD45: 0.097424 | BE45: 0.069087 | BF45: 0 | BG45: 0.127659 | BH45: 0.005952 | BI45: 0.136903 | BJ45: 0.104761 | BK45: 0.156833 | BL45: 0.201734 | BM45: 0.92 | BN45: 0.26 | BO45: 0.9271 | BP45: 0.597 | BQ45: 2.7041 | BR45: 0.7235 | BS45: 0.009 | BT45: 0.016 | BU45: 0.141 | BV45: 0.166 | BW45: 0.011 | BX45: 0.676 | BY45: 0.771 | BZ45: 1.447 | CA45: 0.792 | CB45: 0.766 | CC45: 0 | CD45: 0.354 | CE45: 0.766 | CF45: 0.966 | CG45: 2.852 | CH45: 0.71 | CI45: 7.1691 | CJ45: 0.5834 | CK45: 1 | CL45: 0 | CM45: 1 | CN45: 0 | CO45: 2 | CP45: 0 | CQ45: 0 | CR45: 0 | CS45: 0 | CT45: 0 | CU45: 0 | CV45: 0 | CW45: 0 | CX45: 0 | CY45: 0 | CZ45: 0 | DA45: 1 | DB45: 1 | DC45: 3 | DD45: (-92.31567471201593, 38.95560853265877) | DE45: 9.398973896563998e-05 | DF45: 0.045943144
A46: 1400000US29019000300 | B46: 29 | C46: 019 | D46: 000300 | E46: 0.535 | F46: 29019 | G46: 29019000300 | H46: MO | I46: Missouri | J46: Boone County | K46: Census Tract 3, Boone County, Missouri | L46: 3010 | M46: 3525 | N46: 458 | O46: 1184 | P46: 1414 | Q46: 118 | R46: 1093 | S46: 1745 | T46: 383 | U46: 264 | V46: 429 | W46: 13067 | X46: 1677 | Y46: 25 | Z46: 428 | AA46: 102 | AB46: 155 | AC46: 39 | AD46: 376 | AE46: 24 | AF46: 427 | AG46: 262 | AH46: 109 | AI46: 0 | AJ46: 114 | AK46: 22 | AL46: 118 | AM46: 103 | AN46: 62 | AO46: 426 | AP46: 0.59273 | AQ46: 0.099885 | AR46: 0.111017 | AS46: 0.179203 | AT46: 13067 | AU46: 1677 | AV46: 0.030012 | AW46: 0.513787 | AX46: 0.033887 | AY46: 0.051495 | AZ46: 0.03568161 | BA46: 0.124916 | BB46: 0.006876 | BC46: 0.122346 | BD46: 0.185289 | BE46: 0.075519 | BF46: 0 | BG46: 0.080622 | BH46: 0.017377 | BI46: 0.093184 | BJ46: 0.081358 | BK46: 0.04804 | BL46: 0.141528 | BM46: 0.996 | BN46: 0.792 | BO46: 0.935 | BP46: 0.064 | BQ46: 2.787 | BR46: 0.7451 | BS46: 0.012 | BT46: 0.011 | BU46: 0.027 | BV46: 0.05 | BW46: 0.005 | BX46: 0.548 | BY46: 0.628 | BZ46: 1.176 | CA46: 0.65 | CB46: 0.884 | CC46: 0 | CD46: 0.636 | CE46: 0.682 | CF46: 0.955 | CG46: 3.157 | CH46: 0.834 | CI46: 7.17 | CJ46: 0.5841 | CK46: 1 | CL46: 0 | CM46: 1 | CN46: 0 | CO46: 2 | CP46: 0 | CQ46: 0 | CR46: 0 | CS46: 0 | CT46: 0 | CU46: 0 | CV46: 0 | CW46: 0 | CX46: 0 | CY46: 0 | CZ46: 0 | DA46: 1 | DB46: 1 | DC46: 3 | DD46: (-92.31412195752849, 38.944850209611005) | DE46: 0.00014258673 | DF46: 0.055191701553778096
A47: 1400000US29019000500 | B47: 29 | C47: 019 | D47: 000500 | E47: 0.482 | F47: 29019 | G47: 29019000500 | H47: MO | I47: Missouri | J47: Boone County | K47: Census Tract 5, Boone County, Missouri | L47: 2794 | M47: 3300 | N47: 548 | O47: 1167 | P47: 1343 | Q47: 101 | R47: 1083 | S47: 1487 | T47: 414 | U47: 337 | V47: 381 | W47: 7351 | X47: 1061 | Y47: 228 | Z47: 358 | AA47: 39 | AB47: 52 | AC47: 10 | AD47: 794 | AE47: 112 | AF47: 418 | AG47: 930 | AH47: 147 | AI47: 0 | AJ47: 114 | AK47: 29 | AL47: 122 | AM47: 444 | AN47: 155 | AO47: 887 | AP47: 0.665622 | AQ47: 0.089839 | AR47: 0.181671 | AS47: 0.200861 | AT47: 7351 | AU47: 1061 | AV47: 0.206334 | AW47: 0.318031 | AX47: 0.013958 | AY47: 0.018611 | AZ47: 0.00923361 | BA47: 0.28418 | BB47: 0.034083 | BC47: 0.127082 | BD47: 0.692479 | BE47: 0.096273 | BF47: 0 | BG47: 0.084884 | BH47: 0.024956 | BI47: 0.104963 | BJ47: 0.382099 | BK47: 0.128205 | BL47: 0.317466 | BM47: 0.999 | BN47: 0.936 | BO47: 0.9971 | BP47: 0.769 | BQ47: 3.7011 | BR47: 0.961 | BS47: 0.006 | BT47: 0.003 | BU47: 0.001 | BV47: 0.01 | BW47: 0 | BX47: 0.781 | BY47: 0.931 | BZ47: 1.712 | CA47: 0.929 | CB47: 0.992 | CC47: 0 | CD47: 0.756 | CE47: 0.981 | CF47: 0.982 | CG47: 3.711 | CH47: 0.979 | CI47: 9.1341 | CJ47: 0.8686 | CK47: 1 | CL47: 1 | CM47: 1 | CN47: 0 | CO47: 3 | CP47: 0 | CQ47: 0 | CR47: 0 | CS47: 0 | CT47: 0 | CU47: 1 | CV47: 1 | CW47: 1 | CX47: 0 | CY47: 0 | CZ47: 1 | DA47: 1 | DB47: 3 | DC47: 7 | DD47: (-92.32897933412545, 38.94654293552162) | DE47: 0.0001278065 | DF47: 0.055392668
A48: 1400000US29019000600 | B48: 29 | C48: 019 | D48: 000600 | E48: 1.859 | F48: 29019 | G48: 29019000600 | H48: MO | I48: Missouri | J48: Boone County | K48: Census Tract 6, Boone County, Missouri | L48: 4602 | M48: 4840 | N48: 401 | O48: 2130 | P48: 2192 | Q48: 59 | R48: 2020 | S48: 679 | T48: 368 | U48: 100 | V48: 460 | W48: 41291 | X48: 6582 | Y48: 83 | Z48: 418 | AA48: 780 | AB48: 888 | AC48: 132 | AD48: 426 | AE48: 16 | AF48: 442 | AG48: 46 | AH48: 42 | AI48: 59 | AJ48: 72 | AK48: 0 | AL48: 161 | AM48: 59 | AN48: 49 | AO48: 83 | AP48: 0.140289 | AQ48: 0.075139 | AR48: 0.039138 | AS48: 0.17997 | AT48: 41291 | AU48: 6582 | AV48: 0.02366 | AW48: 0.119145 | AX48: 0.169491 | AY48: 0.192959 | AZ48: 0.06534653 | BA48: 0.092568 | BB48: 0.003467 | BC48: 0.095794 | BD48: 0.020985 | BE48: 0.019152 | BF48: 0.026916 | BG48: 0.032838 | BH48: 0 | BI48: 0.073448 | BJ48: 0.026916 | BK48: 0.022342 | BL48: 0.018035 | BM48: 0.546 | BN48: 0.176 | BO48: 0.0556 | BP48: 0.041 | BQ48: 0.8186 | BR48: 0.161 | BS48: 0.733 | BT48: 0.161 | BU48: 0.176 | BV48: 1.07 | BW48: 0.146 | BX48: 0.438 | BY48: 0.479 | BZ48: 0.917 | CA48: 0.479 | CB48: 0.474 | CC48: 0.539 | CD48: 0 | CE48: 0.256 | CF48: 0.686 | CG48: 1.955 | CH48: 0.326 | CI48: 4.7606 | CJ48: 0.1704 | CK48: 0 | CL48: 0 | CM48: 0 | CN48: 0 | CO48: 0 | CP48: 0 | CQ48: 0 | CR48: 0 | CS48: 0 | CT48: 0 | CU48: 0 | CV48: 0 | CW48: 0 | CX48: 0 | CY48: 0 | CZ48: 0 | DA48: 0 | DB48: 0 | DC48: 0 | DD48: (-92.35351795617005, 38.94544552040928) | DE48: 0.00050297644 | DF48: 0.11360427477430064
A49: 1400000US29019000700 | B49: 29 | C49: 019 | D49: 000700 | E49: 0.91 | F49: 29019 | G49: 29019000700 | H49: MO | I49: Missouri | J49: Boone County | K49: Census Tract 7, Boone County, Missouri | L49: 3542 | M49: 3983 | N49: 380 | O49: 1898 | P49: 2038 | Q49: 81 | R49: 1765 | S49: 786 | T49: 293 | U49: 143 | V49: 402 | W49: 19169 | X49: 2058 | Y49: 339 | Z49: 261 | AA49: 320 | AB49: 602 | AC49: 176 | AD49: 1005 | AE49: 251 | AF49: 400 | AG49: 73 | AH49: 123 | AI49: 0 | AJ49: 114 | AK49: 60 | AL49: 124 | AM49: 179 | AN49: 74 | AO49: 0 | AP49: 0.197686 | AQ49: 0.071215 | AR49: 0.06021 | AS49: 0.169094 | AT49: 19169 | AU49: 2058 | AV49: 0.12836 | AW49: 0.098117 | AX49: 0.090344 | AY49: 0.16996 | AZ49: 0.09971671 | BA49: 0.283738 | BB49: 0.067673 | BC49: 0.107678 | BD49: 0.035819 | BE49: 0.060336 | BF49: 0 | BG49: 0.055937 | BH49: 0.032485 | BI49: 0.067102 | BJ49: 0.096913 | BK49: 0.039558 | BL49: 0 | BM49: 0.723 | BN49: 0.418 | BO49: 0.6585 | BP49: 0.465 | BQ49: 2.2645 | BR49: 0.5877 | BS49: 0.161 | BT49: 0.101 | BU49: 0.492 | BV49: 0.754 | BW49: 0.068 | BX49: 0.78 | BY49: 0.975 | BZ49: 1.755 | CA49: 0.945 | CB49: 0.586 | CC49: 0 | CD49: 0.836 | CE49: 0.744 | CF49: 0 | CG49: 2.166 | CH49: 0.405 | CI49: 6.9395 | CJ49: 0.5365 | CK49: 0 | CL49: 0 | CM49: 0 | CN49: 0 | CO49: 0 | CP49: 0 | CQ49: 0 | CR49: 0 | CS49: 0 | CT49: 0 | CU49: 1 | CV49: 1 | CW49: 0 | CX49: 0 | CY49: 0 | CZ49: 0 | DA49: 0 | DB49: 0 | DC49: 1 | DD49: (-92.352390203487, 38.958334517258905) | DE49: 0.00024559039 | DF49: 0.063345851
A50: 1400000US29019001901 | B50: 29 | C50: 019 | D50: 001901 | E50: 111.952 | F50: 29019 | G50: 29019001901 | H50: MO | I50: Missouri | J50: Boone County | K50: Census Tract 19.01, Boone County, Missouri | L50: 4270 | M50: 4333 | N50: 273 | O50: 1783 | P50: 1806 | Q50: 110 | R50: 1630 | S50: 328 | T50: 173 | U50: 157 | V50: 350 | W50: 26265 | X50: 2367 | Y50: 220 | Z50: 240 | AA50: 504 | AB50: 1034 | AC50: 131 | AD50: 198 | AE50: 7 | AF50: 442 | AG50: 0 | AH50: 197 | AI50: 327 | AJ50: 107 | AK50: 39 | AL50: 119 | AM50: 40 | AN50: 31 | AO50: 2 | AP50: 0.075768 | AQ50: 0.039676 | AR50: 0.064715 | AS50: 0.144099 | AT50: 26265 | AU50: 2367 | AV50: 0.072944 | AW50: 0.079432 | AX50: 0.118032 | AY50: 0.242154 | AZ50: 0.08036809 | BA50: 0.04637 | BB50: 0.001745 | BC50: 0.110196 | BD50: 0 | BE50: 0.10908 | BF50: 0.181063 | BG50: 0.058211 | BH50: 0.02309 | BI50: 0.070441 | BJ50: 0.023682 | BK50: 0.018296 | BL50: 0.000468 | BM50: 0.27 | BN50: 0.468 | BO50: 0.3025 | BP50: 0.215 | BQ50: 1.2555 | BR50: 0.27 | BS50: 0.33 | BT50: 0.515 | BU50: 0.307 | BV50: 1.152 | BW50: 0.2 | BX50: 0.222 | BY50: 0.369 | BZ50: 0.591 | CA50: 0.263 | CB50: 0 | CC50: 0.869 | CD50: 0.729 | CE50: 0.226 | CF50: 0.367 | CG50: 2.191 | CH50: 0.415 | CI50: 5.1895 | CJ50: 0.2289 | CK50: 0 | CL50: 0 | CM50: 0 | CN50: 0 | CO50: 0 | CP50: 0 | CQ50: 0 | CR50: 0 | CS50: 0 | CT50: 0 | CU50: 0 | CV50: 0 | CW50: 0 | CX50: 0 | CY50: 0 | CZ50: 0 | DA50: 0 | DB50: 0 | DC50: 0 | DD50: (-92.40760663624557, 39.13811594553559) | DE50: 0.030289676834680642 | DF50: 0.8190583715267609
A51: 1400000US29019001805 | B51: 29 | C51: 019 | D51: 001805 | E51: 32.197 | F51: 29019 | G51: 29019001805 | H51: MO | I51: Missouri | J51: Boone County | K51: Census Tract 18.05, Boone County, Missouri | L51: 9020 | M51: 8601 | N51: 463 | O51: 3383 | P51: 3277 | Q51: 128 | R51: 3221 | S51: 573 | T51: 296 | U51: 154 | V51: 455 | W51: 31832 | X51: 3075 | Y51: 280 | Z51: 301 | AA51: 561 | AB51: 2829 | AC51: 381 | AD51: 1850 | AE51: 160 | AF51: 432 | AG51: 19 | AH51: 116 | AI51: 80 | AJ51: 54 | AK51: 43 | AL51: 123 | AM51: 31 | AN51: 120 | AO51: 3 | AP51: 0.066713 | AQ51: 0.034275 | AR51: 0.032934 | AS51: 0.097259 | AT51: 31832 | AU51: 3075 | AV51: 0.053242 | AW51: 0.057158 | AX51: 0.062195 | AY51: 0.313636 | AZ51: 0.11828624 | BA51: 0.205099 | BB51: 0.020669 | BC51: 0.055795 | BD51: 0.005797 | BE51: 0.035397 | BF51: 0.024412 | BG51: 0.01645 | BH51: 0.013965 | BI51: 0.039939 | BJ51: 0.010068 | BK51: 0.038969 | BL51: 0.000332 | BM51: 0.234 | BN51: 0.112 | BO51: 0.1581 | BP51: 0.141 | BQ51: 0.6451 | BR51: 0.1097 | BS51: 0.051 | BT51: 0.953 | BU51: 0.658 | BV51: 1.662 | BW51: 0.609 | BX51: 0.715 | BY51: 0.866 | BZ51: 1.581 | CA51: 0.864 | CB51: 0.333 | CC51: 0.531 | CD51: 0.569 | CE51: 0.086 | CF51: 0.353 | CG51: 1.872 | CH51: 0.294 | CI51: 5.7601 | CJ51: 0.3329 | CK51: 0 | CL51: 0 | CM51: 0 | CN51: 0 | CO51: 0 | CP51: 0 | CQ51: 1 | CR51: 0 | CS51: 1 | CT51: 0 | CU51: 0 | CV51: 0 | CW51: 0 | CX51: 0 | CY51: 0 | CZ51: 0 | DA51: 0 | DB51: 0 | DC51: 1 | DD51: (-92.45594488621617, 38.93625918342254) | DE51: 0.0088296781 | DF51: 0.4124357839608252
A52: 1400000US29019001701 | B52: 29 | C52: 019 | D52: 001701 | E52: 94.59 | F52: 29019 | G52: 29019001701 | H52: MO | I52: Missouri | J52: Boone County | K52: Census Tract 17.01, Boone County, Missouri | L52: 6909 | M52: 6903 | N52: 492 | O52: 2909 | P52: 2897 | Q52: 189 | R52: 2689 | S52: 186 | T52: 114 | U52: 218 | V52: 352 | W52: 27475 | X52: 3004 | Y52: 399 | Z52: 263 | AA52: 814 | AB52: 1815 | AC52: 260 | AD52: 291 | AE52: 20 | AF52: 427 | AG52: 10 | AH52: 115 | AI52: 133 | AJ52: 70 | AK52: 41 | AL52: 119 | AM52: 72 | AN52: 46 | AO52: 83 | AP52: 0.026944 | AQ52: 0.016402 | AR52: 0.05784 | AS52: 0.093253 | AT52: 27475 | AU52: 3004 | AV52: 0.084301 | AW52: 0.055191 | AX52: 0.117817 | AY52: 0.2627 | AZ52: 0.09669021 | BA52: 0.042118 | BB52: 0.003121 | BC52: 0.066635 | BD52: 0.003451 | BE52: 0.039695 | BF52: 0.045909 | BG52: 0.023976 | BH52: 0.015067 | BI52: 0.04372 | BJ52: 0.02646 | BK52: 0.016801 | BL52: 0.012013 | BM52: 0.077 | BN52: 0.39 | BO52: 0.2693 | BP52: 0.265 | BQ52: 1.0013 | BR52: 0.2036 | BS52: 0.327 | BT52: 0.73 | BU52: 0.463 | BV52: 1.52 | BW52: 0.497 | BX52: 0.187 | BY52: 0.456 | BZ52: 0.643 | CA52: 0.298 | CB52: 0.292 | CC52: 0.595 | CD52: 0.599 | CE52: 0.253 | CF52: 0.605 | CG52: 2.344 | CH52: 0.482 | CI52: 5.5083 | CJ52: 0.2845 | CK52: 0 | CL52: 0 | CM52: 0 | CN52: 0 | CO52: 0 | CP52: 0 | CQ52: 0 | CR52: 0 | CS52: 0 | CT52: 0 | CU52: 0 | CV52: 0 | CW52: 0 | CX52: 0 | CY52: 0 | CZ52: 0 | DA52: 0 | DB52: 0 | DC52: 0 | DD52: (-92.24585066970428, 38.75370797080111) | DE52: 0.025825200613373754 | DF52: 0.9462843064245829
A53: 1400000US29019001702 | B53: 29 | C53: 019 | D53: 001702 | E53: 76.852 | F53: 29019 | G53: 29019001702 | H53: MO | I53: Missouri | J53: Boone County | K53: Census Tract 17.02, Boone County, Missouri | L53: 4306 | M53: 4243 | N53: 273 | O53: 1792 | P53: 1777 | Q53: 74 | R53: 1673 | S53: 251 | T53: 165 | U53: 128 | V53: 419 | W53: 30792 | X53: 3554 | Y53: 230 | Z53: 316 | AA53: 516 | AB53: 1012 | AC53: 123 | AD53: 335 | AE53: 59 | AF53: 414 | AG53: 0 | AH53: 197 | AI53: 125 | AJ53: 64 | AK53: 0 | AL53: 161 | AM53: 64 | AN53: 122 | AO53: 8 | AP53: 0.060351 | AQ53: 0.039523 | AR53: 0.058931 | AS53: 0.192778 | AT53: 30792 | AU53: 3554 | AV53: 0.081243 | AW53: 0.1115 | AX53: 0.119832 | AY53: 0.23502 | AZ53: 0.07352062 | BA53: 0.077798 | BB53: 0.014959 | BC53: 0.104965 | BD53: 0 | BE53: 0.110861 | BF53: 0.070343 | BG53: 0.035896 | BH53: 0 | BI53: 0.09355 | BJ53: 0.037187 | BK53: 0.070865 | BL53: 0.001857 | BM53: 0.204 | BN53: 0.404 | BO53: 0.1812 | BP53: 0.253 | BQ53: 1.0422 | BR53: 0.213 | BS53: 0.343 | BT53: 0.438 | BU53: 0.244 | BV53: 1.025 | BW53: 0.125 | BX53: 0.387 | BY53: 0.808 | BZ53: 1.195 | CA53: 0.66 | CB53: 0 | CC53: 0.651 | CD53: 0 | CE53: 0.364 | CF53: 0.438 | CG53: 1.453 | CH53: 0.161 | CI53: 4.7152 | CJ53: 0.1625 | CK53: 0 | CL53: 0 | CM53: 0 | CN53: 0 | CO53: 0 | CP53: 0 | CQ53: 0 | CR53: 0 | CS53: 0 | CT53: 0 | CU53: 0 | CV53: 0 | CW53: 0 | CX53: 0 | CY53: 0 | CZ53: 0 | DA53: 0 | DB53: 0 | DC53: 0 | DD53: (-92.34877483226691, 38.8254060816857) | DE53: 0.021111631149766035 | DF53: 0.8287185791547059
A54: 1400000US29019001803 | B54: 29 | C54: 019 | D54: 001803 | E54: 55.813 | F54: 29019 | G54: 29019001803 | H54: MO | I54: Missouri | J54: Boone County | K54: Census Tract 18.03, Boone County, Missouri | L54: 4222 | M54: 4226 | N54: 288 | O54: 1810 | P54: 1775 | Q54: 93 | R54: 1599 | S54: 438 | T54: 224 | U54: 100 | V54: 418 | W54: 27024 | X54: 3314 | Y54: 251 | Z54: 268 | AA54: 448 | AB54: 1063 | AC54: 129 | AD54: 393 | AE54: 0 | AF54: 456 | AG54: 2 | AH54: 161 | AI54: 175 | AJ54: 90 | AK54: 13 | AL54: 116 | AM54: 28 | AN54: 26 | AO54: 1 | AP54: 0.103644 | AQ54: 0.052532 | AR54: 0.041545 | AS54: 0.173599 | AT54: 27024 | AU54: 3314 | AV54: 0.088944 | AW54: 0.094783 | AX54: 0.10611 | AY54: 0.251776 | AZ54: 0.08067542 | BA54: 0.093083 | BB54: 0 | BC54: 0.115589 | BD54: 0.001126 | BE54: 0.090704 | BF54: 0.098591 | BG54: 0.05044 | BH54: 0.007701 | BI54: 0.068718 | BJ54: 0.016587 | BK54: 0.015368 | BL54: 0.000236 | BM54: 0.384 | BN54: 0.2 | BO54: 0.2823 | BP54: 0.289 | BQ54: 1.1553 | BR54: 0.2404 | BS54: 0.246 | BT54: 0.623 | BU54: 0.311 | BV54: 1.18 | BW54: 0.215 | BX54: 0.443 | BY54: 0 | BZ54: 0.443 | CA54: 0.186 | CB54: 0.258 | CC54: 0.712 | CD54: 0.423 | CE54: 0.148 | CF54: 0.348 | CG54: 1.889 | CH54: 0.3 | CI54: 4.6673 | CJ54: 0.1531 | CK54: 0 | CL54: 0 | CM54: 0 | CN54: 0 | CO54: 0 | CP54: 0 | CQ54: 0 | CR54: 0 | CS54: 0 | CT54: 0 | CU54: 0 | CV54: 0 | CW54: 0 | CX54: 0 | CY54: 0 | CZ54: 0 | DA54: 0 | DB54: 0 | DC54: 0 | DD54: (-92.46015867787295, 39.01355290535562) | DE54: 0.015074317267462568 | DF54: 0.6960901049040779
A55: 1400000US29019001902 | B55: 29 | C55: 019 | D55: 001902 | E55: 135.065 | F55: 29019 | G55: 29019001902 | H55: MO | I55: Missouri | J55: Boone County | K55: Census Tract 19.02, Boone County, Missouri | L55: 8249 | M55: 7560 | N55: 408 | O55: 3418 | P55: 3223 | Q55: 181 | R55: 3184 | S55: 573 | T55: 202 | U55: 187 | V55: 388 | W55: 23828 | X55: 1766 | Y55: 626 | Z55: 223 | AA55: 955 | AB55: 2136 | AC55: 322 | AD55: 422 | AE55: 10 | AF55: 442 | AG55: 0 | AH55: 197 | AI55: 642 | AJ55: 156 | AK55: 14 | AL55: 115 | AM55: 57 | AN55: 34 | AO55: 20 | AP55: 0.076318 | AQ55: 0.026581 | AR55: 0.046321 | AS55: 0.096043 | AT55: 23828 | AU55: 1766 | AV55: 0.122528 | AW55: 0.043139 | AX55: 0.115771 | AY55: 0.25894 | AZ55: 0.10113065 | BA55: 0.051157 | BB55: 0.001387 | BC55: 0.06132 | BD55: 0 | BE55: 0.061123 | BF55: 0.199193 | BG55: 0.047091 | BH55: 0.004576 | BI55: 0.037592 | BJ55: 0.018633 | BK55: 0.011058 | BL55: 0.002424 | BM55: 0.276 | BN55: 0.255 | BO55: 0.4029 | BP55: 0.438 | BQ55: 1.3719 | BR55: 0.3032 | BS55: 0.312 | BT55: 0.696 | BU55: 0.502 | BV55: 1.51 | BW55: 0.493 | BX55: 0.256 | BY55: 0.35 | BZ55: 0.606 | CA55: 0.274 | CB55: 0 | CC55: 0.897 | CD55: 0.324 | CE55: 0.169 | CF55: 0.458 | CG55: 1.848 | CH55: 0.286 | CI55: 5.3359 | CJ55: 0.2513 | CK55: 0 | CL55: 0 | CM55: 0 | CN55: 0 | CO55: 0 | CP55: 0 | CQ55: 0 | CR55: 0 | CS55: 0 | CT55: 0 | CU55: 0 | CV55: 0 | CW55: 0 | CX55: 0 | CY55: 0 | CZ55: 0 | DA55: 0 | DB55: 0 | DC55: 0 | DD55: (-92.2370083344789, 39.129429048508285) | DE55: 0.036563591 | DF55: 0.8765739710420662
A56: 1400000US29019002000 | B56: 29 | C56: 019 | D56: 002000 | E56: 30.545 | F56: 29019 | G56: 29019002000 | H56: MO | I56: Missouri | J56: Boone County | K56: Census Tract 20, Boone County, Missouri | L56: 4906 | M56: 4835 | N56: 205 | O56: 2111 | P56: 2069 | Q56: 180 | R56: 1939 | S56: 407 | T56: 249 | U56: 194 | V56: 313 | W56: 21212 | X56: 2116 | Y56: 517 | Z56: 264 | AA56: 842 | AB56: 1264 | AC56: 238 | AD56: 195 | AE56: 22 | AF56: 443 | AG56: 23 | AH56: 117 | AI56: 122 | AJ56: 65 | AK56: 0 | AL56: 161 | AM56: 11 | AN56: 115 | AO56: 68 | AP56: 0.085468 | AQ56: 0.052102 | AR56: 0.080298 | AS56: 0.12923 | AT56: 21212 | AU56: 2116 | AV56: 0.156146 | AW56: 0.078986 | AX56: 0.171626 | AY56: 0.257643 | AZ56: 0.12274368 | BA56: 0.039747 | BB56: 0.004895 | BC56: 0.098575 | BD56: 0.011116 | BE56: 0.05654 | BF56: 0.058965 | BG56: 0.030994 | BH56: 0 | BI56: 0.082479 | BJ56: 0.005635 | BK56: 0.058912 | BL56: 0.01386 | BM56: 0.317 | BN56: 0.613 | BO56: 0.5394 | BP56: 0.592 | BQ56: 2.0614 | BR56: 0.5191 | BS56: 0.748 | BT56: 0.68 | BU56: 0.684 | BV56: 2.112 | BW56: 0.923 | BX56: 0.162 | BY56: 0.556 | BZ56: 0.718 | CA56: 0.348 | CB56: 0.393 | CC56: 0.625 | CD56: 0 | CE56: 0.053 | CF56: 0.633 | CG56: 1.704 | CH56: 0.235 | CI56: 6.5954 | CJ56: 0.4773 | CK56: 0 | CL56: 0 | CM56: 0 | CN56: 0 | CO56: 0 | CP56: 0 | CQ56: 0 | CR56: 0 | CS56: 0 | CT56: 0 | CU56: 0 | CV56: 0 | CW56: 0 | CX56: 0 | CY56: 0 | CZ56: 0 | DA56: 0 | DB56: 0 | DC56: 0 | DD56: (-92.15313496168814, 39.1973417931794) | DE56: 0.0082747622 | DF56: 0.36420638934548016
A57: 1400000US29019002100 | B57: 29 | C57: 019 | D57: 002100 | E57: 0.703 | F57: 29019 | G57: 29019002100 | H57: MO | I57: Missouri | J57: Boone County | K57: Census Tract 21, Boone County, Missouri | L57: 3120 | M57: 2783 | N57: 419 | O57: 1647 | P57: 1698 | Q57: 100 | R57: 1432 | S57: 1276 | T57: 317 | U57: 194 | V57: 390 | W57: 11333 | X57: 1810 | Y57: 179 | Z57: 290 | AA57: 209 | AB57: 565 | AC57: 223 | AD57: 1614 | AE57: 28 | AF57: 427 | AG57: 319 | AH57: 86 | AI57: 35 | AJ57: 49 | AK57: 0 | AL57: 161 | AM57: 463 | AN57: 121 | AO57: 328 | AP57: 0.505747 | AQ57: 0.105938 | AR57: 0.124438 | AS57: 0.24898 | AT57: 11333 | AU57: 1810 | AV57: 0.118857 | AW57: 0.192153 | AX57: 0.066987 | AY57: 0.181089 | AZ57: 0.15572625 | BA57: 0.517307 | BB57: 0.010424 | BC57: 0.158964 | BD57: 0.187868 | BE57: 0.049424 | BF57: 0.020612 | BG57: 0.028831 | BH57: 0 | BI57: 0.109897 | BJ57: 0.31604 | BK57: 0.078573 | BL57: 0.105128 | BM57: 0.989 | BN57: 0.838 | BO57: 0.9704 | BP57: 0.423 | BQ57: 3.2204 | BR57: 0.857 | BS57: 0.071 | BT57: 0.122 | BU57: 0.813 | BV57: 1.006 | BW57: 0.118 | BX57: 0.866 | BY57: 0.732 | BZ57: 1.598 | CA57: 0.871 | CB57: 0.886 | CC57: 0.515 | CD57: 0 | CE57: 0.971 | CF57: 0.946 | CG57: 3.318 | CH57: 0.876 | CI57: 9.1424 | CJ57: 0.8693 | CK57: 1 | CL57: 0 | CM57: 1 | CN57: 0 | CO57: 2 | CP57: 0 | CQ57: 0 | CR57: 0 | CS57: 0 | CT57: 0 | CU57: 0 | CV57: 0 | CW57: 0 | CX57: 0 | CY57: 0 | CZ57: 1 | DA57: 1 | DB57: 2 | DC57: 4 | DD57: (-92.33215862280584, 38.95614818635063) | DE57: 0.00018948846 | DF57: 0.061247137
A58: 1400000US29019002200 | B58: 29 | C58: 019 | D58: 002200 | E58: 0.659 | F58: 29019 | G58: 29019002200 | H58: MO | I58: Missouri | J58: Boone County | K58: Census Tract 22, Boone County, Missouri | L58: 6753 | M58: 6879 | N58: 922 | O58: 654 | P58: 836 | Q58: 122 | R58: 612 | S58: 507 | T58: 152 | U58: 346 | V58: 415 | W58: 5259 | X58: 632 | Y58: 22 | Z58: 427 | AA58: 56 | AB58: 92 | AC58: 16 | AD58: 1125 | AE58: 30 | AF58: 428 | AG58: 398 | AH58: 137 | AI58: 0 | AJ58: 114 | AK58: 23 | AL58: 116 | AM58: 66 | AN58: 124 | AO58: 5677 | AP58: 0.465137 | AQ58: 0.116105 | AR58: 0.103376 | AS58: 0.122852 | AT58: 5259 | AU58: 632 | AV58: 0.038596 | AW58: 0.749088 | AX58: 0.008292 | AY58: 0.013623 | AZ58: 0.02614379 | BA58: 0.166592 | BB58: 0.004372 | BC58: 0.062378 | BD58: 0.476076 | BE58: 0.148419 | BF58: 0 | BG58: 0.136363 | BH58: 0.031988 | BI58: 0.161262 | BJ58: 0.091794 | BK58: 0.171899 | BL58: 0.840663 | BM58: 0.981 | BN58: 0.751 | BO58: 0.9993 | BP58: 0.091 | BQ58: 2.8223 | BR58: 0.7567 | BS58: 0.005 | BT58: 0.002 | BU58: 0.012 | BV58: 0.019 | BW58: 0.001 | BX58: 0.661 | BY58: 0.53 | BZ58: 1.191 | CA58: 0.658 | CB58: 0.978 | CC58: 0 | CD58: 0.831 | CE58: 0.724 | CF58: 0.999 | CG58: 3.532 | CH58: 0.943 | CI58: 7.5643 | CJ58: 0.6448 | CK58: 1 | CL58: 0 | CM58: 1 | CN58: 0 | CO58: 2 | CP58: 0 | CQ58: 0 | CR58: 0 | CS58: 0 | CT58: 0 | CU58: 0 | CV58: 0 | CW58: 1 | CX58: 0 | CY58: 0 | CZ58: 0 | DA58: 1 | DB58: 2 | DC58: 4 | DD58: (-92.32114519764909, 38.93800512776667) | DE58: 0.00017945548 | DF58: 0.063940923
A59: 1400000US29019000900 | B59: 29 | C59: 019 | D59: 000900 | E59: 1.118 | F59: 29019 | G59: 29019000900 | H59: MO | I59: Missouri | J59: Boone County | K59: Census Tract 9, Boone County, Missouri | L59: 1511 | M59: 1690 | N59: 275 | O59: 847 | P59: 854 | Q59: 82 | R59: 704 | S59: 681 | T59: 289 | U59: 125 | V59: 433 | W59: 12149 | X59: 2102 | Y59: 136 | Z59: 367 | AA59: 95 | AB59: 277 | AC59: 104 | AD59: 653 | AE59: 0 | AF59: 456 | AG59: 0 | AH59: 197 | AI59: 0 | AJ59: 114 | AK59: 0 | AL59: 161 | AM59: 103 | AN59: 56 | AO59: 61 | AP59: 0.412477 | AQ59: 0.162844 | AR59: 0.128205 | AS59: 0.442066 | AT59: 12149 | AU59: 2102 | AV59: 0.143459 | AW59: 0.386591 | AX59: 0.062872 | AY59: 0.183322 | AZ59: 0.14772727 | BA59: 0.432164 | BB59: 0 | BC59: 0.295911 | BD59: 0 | BE59: 0.230679 | BF59: 0 | BG59: 0.133489 | BH59: 0 | BI59: 0.216981 | BJ59: 0.138814 | BK59: 0.073482 | BL59: 0.04037 | BM59: 0.963 | BN59: 0.85 | BO59: 0.9574 | BP59: 0.54 | BQ59: 3.3104 | BR59: 0.8809 | BS59: 0.056 | BT59: 0.128 | BU59: 0.786 | BV59: 0.97 | BW59: 0.104 | BX59: 0.851 | BY59: 0 | BZ59: 0.851 | CA59: 0.434 | CB59: 0 | CC59: 0 | CD59: 0 | CE59: 0.845 | CF59: 0.868 | CG59: 1.713 | CH59: 0.237 | CI59: 6.8444 | CJ59: 0.5199 | CK59: 1 | CL59: 0 | CM59: 1 | CN59: 0 | CO59: 2 | CP59: 0 | CQ59: 0 | CR59: 0 | CS59: 0 | CT59: 0 | CU59: 0 | CV59: 0 | CW59: 0 | CX59: 0 | CY59: 0 | CZ59: 0 | DA59: 0 | DB59: 0 | DC59: 2 | DD59: (-92.32916552845705, 38.964644156469944) | DE59: 0.0003028704 | DF59: 0.097855811
A60: 1400000US29019001001 | B60: 29 | C60: 019 | D60: 001001 | E60: 2.885 | F60: 29019 | G60: 29019001001 | H60: MO | I60: Missouri | J60: Boone County | K60: Census Tract 10.01, Boone County, Missouri | L60: 4656 | M60: 3901 | N60: 525 | O60: 2265 | P60: 2332 | Q60: 117 | R60: 2175 | S60: 1046 | T60: 323 | U60: 48 | V60: 458 | W60: 28859 | X60: 4008 | Y60: 69 | Z60: 380 | AA60: 660 | AB60: 511 | AC60: 114 | AD60: 1041 | AE60: 0 | AF60: 456 | AG60: 581 | AH60: 192 | AI60: 0 | AJ60: 114 | AK60: 47 | AL60: 137 | AM60: 82 | AN60: 57 | AO60: 165 | AP60: 0.268136 | AQ60: 0.074521 | AR60: 0.023199 | AS60: 0.221331 | AT60: 28859 | AU60: 4008 | AV60: 0.033173 | AW60: 0.182656 | AX60: 0.141752 | AY60: 0.10975 | AZ60: 0.05241379 | BA60: 0.223582 | BB60: 0 | BC60: 0.12341 | BD60: 0.249142 | BE60: 0.081378 | BF60: 0 | BG60: 0.048885 | BH60: 0.024251 | BI60: 0.070657 | BJ60: 0.042311 | BK60: 0.029165 | BL60: 0.035438 | BM60: 0.852 | BN60: 0.043 | BO60: 0.2245 | BP60: 0.072 | BQ60: 1.1915 | BR60: 0.2527 | BS60: 0.51 | BT60: 0.029 | BU60: 0.087 | BV60: 0.626 | BW60: 0.048 | BX60: 0.735 | BY60: 0 | BZ60: 0.735 | CA60: 0.355 | CB60: 0.92 | CC60: 0 | CD60: 0.747 | CE60: 0.417 | CF60: 0.842 | CG60: 2.926 | CH60: 0.741 | CI60: 5.4785 | CJ60: 0.2765 | CK60: 0 | CL60: 0 | CM60: 0 | CN60: 0 | CO60: 0 | CP60: 0 | CQ60: 0 | CR60: 0 | CS60: 0 | CT60: 0 | CU60: 0 | CV60: 0 | CW60: 1 | CX60: 0 | CY60: 0 | CZ60: 0 | DA60: 0 | DB60: 1 | DC60: 1 | DD60: (-92.3017462006161, 38.94082423810535) | DE60: 0.00078544755 | DF60: 0.1379619008526292
A61: 1400000US29019001002 | B61: 29 | C61: 019 | D61: 001002 | E61: 8.86 | F61: 29019 | G61: 29019001002 | H61: MO | I61: Missouri | J61: Boone County | K61: Census Tract 10.02, Boone County, Missouri | L61: 5950 | M61: 6363 | N61: 503 | O61: 2851 | P61: 2850 | Q61: 126 | R61: 2437 | S61: 1237 | T61: 413 | U61: 222 | V61: 443 | W61: 25105 | X61: 2581 | Y61: 337 | Z61: 374 | AA61: 900 | AB61: 1420 | AC61: 302 | AD61: 1088 | AE61: 9 | AF61: 442 | AG61: 302 | AH61: 124 | AI61: 509 | AJ61: 108 | AK61: 25 | AL61: 121 | AM61: 324 | AN61: 113 | AO61: 116 | AP61: 0.19754 | AQ61: 0.064154 | AR61: 0.065255 | AS61: 0.12998 | AT61: 25105 | AU61: 2581 | AV61: 0.085707 | AW61: 0.09487 | AX61: 0.15126 | AY61: 0.238655 | AZ61: 0.12392285 | BA61: 0.182857 | BB61: 0.001511 | BC61: 0.074248 | BD61: 0.105964 | BE61: 0.043255 | BF61: 0.178596 | BG61: 0.037063 | BH61: 0.009873 | BI61: 0.047782 | BJ61: 0.127962 | BK61: 0.043659 | BL61: 0.019495 | BM61: 0.722 | BN61: 0.474 | BO61: 0.3415 | BP61: 0.275 | BQ61: 1.8125 | BR61: 0.4354 | BS61: 0.589 | BT61: 0.482 | BU61: 0.693 | BV61: 1.764 | BW61: 0.695 | BX61: 0.687 | BY61: 0.355 | BZ61: 1.042 | CA61: 0.575 | CB61: 0.782 | CC61: 0.864 | CD61: 0.47 | CE61: 0.825 | CF61: 0.705 | CG61: 3.646 | CH61: 0.968 | CI61: 8.2645 | CJ61: 0.7552 | CK61: 0 | CL61: 0 | CM61: 0 | CN61: 0 | CO61: 0 | CP61: 0 | CQ61: 0 | CR61: 0 | CS61: 0 | CT61: 0 | CU61: 0 | CV61: 0 | CW61: 0 | CX61: 0 | CY61: 0 | CZ61: 0 | DA61: 0 | DB61: 0 | DC61: 0 | DD61: (-92.273320971375, 38.928581934977245) | DE61: 0.0023997273 | DF61: 0.27999480791907394
A62: 1400000US29019001101 | B62: 29 | C62: 019 | D62: 001101 | E62: 8.484 | F62: 29019 | G62: 29019001101 | H62: MO | I62: Missouri | J62: Boone County | K62: Census Tract 11.01, Boone County, Missouri | L62: 8628 | M62: 7852 | N62: 796 | O62: 3807 | P62: 3550 | Q62: 173 | R62: 3554 | S62: 3878 | T62: 628 | U62: 462 | V62: 404 | W62: 16345 | X62: 4312 | Y62: 181 | Z62: 319 | AA62: 277 | AB62: 756 | AC62: 205 | AD62: 1689 | AE62: 55 | AF62: 413 | AG62: 634 | AH62: 174 | AI62: 482 | AJ62: 149 | AK62: 53 | AL62: 125 | AM62: 186 | AN62: 123 | AO62: 111 | AP62: 0.509793 | AQ62: 0.066596 | AR62: 0.099226 | AS62: 0.085828 | AT62: 16345 | AU62: 4312 | AV62: 0.068379 | AW62: 0.120193 | AX62: 0.032104 | AY62: 0.087621 | AZ62: 0.05768148 | BA62: 0.195758 | BB62: 0.007408 | BC62: 0.055625 | BD62: 0.178591 | BE62: 0.048235 | BF62: 0.135774 | BG62: 0.041447 | BH62: 0.01593 | BI62: 0.037556 | BJ62: 0.055906 | BK62: 0.036779 | BL62: 0.012865 | BM62: 0.99 | BN62: 0.728 | BO62: 0.8202 | BP62: 0.194 | BQ62: 2.7322 | BR62: 0.7321 | BS62: 0.01 | BT62: 0.02 | BU62: 0.117 | BV62: 0.147 | BW62: 0.01 | BX62: 0.707 | BY62: 0.646 | BZ62: 1.353 | CA62: 0.74 | CB62: 0.878 | CC62: 0.789 | CD62: 0.615 | CE62: 0.54 | CF62: 0.619 | CG62: 3.441 | CH62: 0.926 | CI62: 7.6732 | CJ62: 0.665 | CK62: 1 | CL62: 0 | CM62: 0 | CN62: 0 | CO62: 1 | CP62: 0 | CQ62: 0 | CR62: 0 | CS62: 0 | CT62: 0 | CU62: 0 | CV62: 0 | CW62: 0 | CX62: 0 | CY62: 0 | CZ62: 0 | DA62: 0 | DB62: 0 | DC62: 1 | DD62: (-92.31333120811271, 38.9027469061748) | DE62: 0.002294482 | DF62: 0.23232171875542548
A63: 1400000US29019001103 | B63: 29 | C63: 019 | D63: 001103 | E63: 4.037 | F63: 29019 | G63: 29019001103 | H63: MO | I63: Missouri | J63: Boone County | K63: Census Tract 11.03, Boone County, Missouri | L63: 6714 | M63: 6892 | N63: 356 | O63: 3331 | P63: 3329 | Q63: 102 | R63: 3151 | S63: 958 | T63: 368 | U63: 108 | V63: 416 | W63: 39499 | X63: 5482 | Y63: 307 | Z63: 357 | AA63: 935 | AB63: 1143 | AC63: 177 | AD63: 1018 | AE63: 163 | AF63: 416 | AG63: 200 | AH63: 98 | AI63: 0 | AJ63: 114 | AK63: 72 | AL63: 137 | AM63: 74 | AN63: 47 | AO63: 3 | AP63: 0.139001 | AQ63: 0.05291 | AR63: 0.031114 | AS63: 0.119801 | AT63: 39499 | AU63: 5482 | AV63: 0.067206 | AW63: 0.078041 | AX63: 0.139261 | AY63: 0.170241 | AZ63: 0.05617264 | BA63: 0.151623 | BB63: 0.025162 | BC63: 0.064203 | BD63: 0.060078 | BE63: 0.02938 | BF63: 0 | BG63: 0.034244 | BH63: 0.022332 | BI63: 0.042485 | BJ63: 0.022952 | BK63: 0.014551 | BL63: 0.000446 | BM63: 0.541 | BN63: 0.096 | BO63: 0.07 | BP63: 0.19 | BQ63: 0.897 | BR63: 0.1783 | BS63: 0.489 | BT63: 0.104 | BU63: 0.109 | BV63: 0.702 | BW63: 0.057 | BX63: 0.629 | BY63: 0.892 | BZ63: 1.521 | CA63: 0.841 | CB63: 0.684 | CC63: 0 | CD63: 0.715 | CE63: 0.214 | CF63: 0.364 | CG63: 1.977 | CH63: 0.338 | CI63: 5.097 | CJ63: 0.2159 | CK63: 0 | CL63: 0 | CM63: 0 | CN63: 0 | CO63: 0 | CP63: 0 | CQ63: 0 | CR63: 0 | CS63: 0 | CT63: 0 | CU63: 0 | CV63: 0 | CW63: 0 | CX63: 0 | CY63: 0 | CZ63: 0 | DA63: 0 | DB63: 0 | DC63: 0 | DD63: (-92.35942632308853, 38.91971423244658) | DE63: 0.001088042 | DF63: 0.17420291965974263
A64: 1400000US29019001104 | B64: 29 | C64: 019 | D64: 001104 | E64: 9.28 | F64: 29019 | G64: 29019001104 | H64: MO | I64: Missouri | J64: Boone County | K64: Census Tract 11.04, Boone County, Missouri | L64: 10629 | M64: 9895 | N64: 612 | O64: 4185 | P64: 3859 | Q64: 166 | R64: 3948 | S64: 1651 | T64: 475 | U64: 206 | V64: 412 | W64: 33920 | X64: 4342 | Y64: 127 | Z64: 402 | AA64: 784 | AB64: 2460 | AC64: 326 | AD64: 1795 | AE64: 19 | AF64: 442 | AG64: 243 | AH64: 185 | AI64: 18 | AJ64: 25 | AK64: 177 | AL64: 161 | AM64: 77 | AN64: 86 | AO64: 99 | AP64: 0.168435 | AQ64: 0.047296 | AR64: 0.036402 | AS64: 0.072721 | AT64: 33920 | AU64: 4342 | AV64: 0.022936 | AW64: 0.072578 | AX64: 0.07376 | AY64: 0.231442 | AZ64: 0.08257345 | BA64: 0.168877 | BB64: 0.002064 | BC64: 0.048017 | BD64: 0.062969 | BE64: 0.047863 | BF64: 0.004664 | BG64: 0.006475 | BH64: 0.048413 | BI64: 0.043924 | BJ64: 0.021061 | BK64: 0.023482 | BL64: 0.009314 | BM64: 0.636 | BN64: 0.151 | BO64: 0.13 | BP64: 0.038 | BQ64: 0.955 | BR64: 0.1892 | BS64: 0.097 | BT64: 0.402 | BU64: 0.331 | BV64: 0.83 | BW64: 0.079 | BX64: 0.665 | BY64: 0.382 | BZ64: 1.047 | CA64: 0.582 | CB64: 0.69 | CC64: 0.387 | CD64: 0.928 | CE64: 0.194 | CF64: 0.564 | CG64: 2.763 | CH64: 0.671 | CI64: 5.595 | CJ64: 0.3011 | CK64: 0 | CL64: 0 | CM64: 0 | CN64: 0 | CO64: 0 | CP64: 0 | CQ64: 0 | CR64: 0 | CS64: 0 | CT64: 0 | CU64: 0 | CV64: 0 | CW64: 0 | CX64: 0 | CY64: 1 | CZ64: 0 | DA64: 0 | DB64: 1 | DC64: 1 | DD64: (-92.37487944425479, 38.89083627014383) | DE64: 0.0025087517 | DF64: 0.2340489905948437
A65: 1400000US29019001202 | B65: 29 | C65: 019 | D65: 001202 | E65: 2.265 | F65: 29019 | G65: 29019001202 | H65: MO | I65: Missouri | J65: Boone County | K65: Census Tract 12.02, Boone County, Missouri | L65: 5223 | M65: 5299 | N65: 359 | O65: 2183 | P65: 2192 | Q65: 75 | R65: 2088 | S65: 662 | T65: 261 | U65: 52 | V65: 443 | W65: 39710 | X65: 6555 | Y65: 40 | Z65: 413 | AA65: 558 | AB65: 1266 | AC65: 136 | AD65: 787 | AE65: 114 | AF65: 405 | AG65: 199 | AH65: 105 | AI65: 0 | AJ65: 114 | AK65: 0 | AL65: 161 | AM65: 67 | AN65: 125 | AO65: 1 | AP65: 0.124929 | AQ65: 0.048521 | AR65: 0.018525 | AS65: 0.157801 | AT65: 39710 | AU65: 6555 | AV65: 0.011574 | AW65: 0.119498 | AX65: 0.106835 | AY65: 0.242389 | AZ65: 0.06513409 | BA65: 0.150679 | BB65: 0.022511 | BC65: 0.079961 | BD65: 0.090784 | BE65: 0.0478 | BF65: 0 | BG65: 0.052007 | BH65: 0 | BI65: 0.080782 | BJ65: 0.033617 | BK65: 0.062681 | BL65: 0.000191 | BM65: 0.474 | BN65: 0.024 | BO65: 0.0664 | BP65: 0.02 | BQ65: 0.5844 | BR65: 0.0888 | BS65: 0.248 | BT65: 0.518 | BU65: 0.174 | BV65: 0.94 | BW65: 0.098 | BX65: 0.625 | BY65: 0.872 | BZ65: 1.497 | CA65: 0.823 | CB65: 0.749 | CC65: 0 | CD65: 0 | CE65: 0.32 | CF65: 0.346 | CG65: 1.415 | CH65: 0.153 | CI65: 4.4364 | CJ65: 0.1264 | CK65: 0 | CL65: 0 | CM65: 0 | CN65: 0 | CO65: 0 | CP65: 0 | CQ65: 0 | CR65: 0 | CS65: 0 | CT65: 0 | CU65: 0 | CV65: 0 | CW65: 0 | CX65: 0 | CY65: 0 | CZ65: 0 | DA65: 0 | DB65: 0 | DC65: 0 | DD65: (-92.3780026382302, 38.929553223363136) | DE65: 0.00062343391 | DF65: 0.13213197480864747
A66: 1400000US29019001300 | B66: 29 | C66: 019 | D66: 001300 | E66: 2.069 | F66: 29019 | G66: 29019001300 | H66: MO | I66: Missouri | J66: Boone County | K66: Census Tract 13, Boone County, Missouri | L66: 3836 | M66: 3318 | N66: 397 | O66: 2290 | P66: 2294 | Q66: 65 | R66: 2088 | S66: 696 | T66: 247 | U66: 149 | V66: 510 | W66: 27263 | X66: 4919 | Y66: 154 | Z66: 371 | AA66: 357 | AB66: 790 | AC66: 249 | AD66: 1350 | AE66: 125 | AF66: 388 | AG66: 1044 | AH66: 202 | AI66: 0 | AJ66: 114 | AK66: 9 | AL66: 115 | AM66: 207 | AN66: 86 | AO66: 2 | AP66: 0.209764 | AQ66: 0.070083 | AR66: 0.069985 | AS66: 0.239204 | AT66: 27263 | AU66: 4919 | AV66: 0.079422 | AW66: 0.191068 | AX66: 0.093065 | AY66: 0.205943 | AZ66: 0.11925287 | BA66: 0.351929 | BB66: 0.039619 | BC66: 0.122886 | BD66: 0.4551 | BE66: 0.087106 | BF66: 0 | BG66: 0.049694 | BH66: 0.004495 | BI66: 0.057441 | BJ66: 0.103396 | BK66: 0.04228 | BL66: 0.000521 | BM66: 0.751 | BN66: 0.515 | BO66: 0.2744 | BP66: 0.244 | BQ66: 1.7844 | BR66: 0.426 | BS66: 0.175 | BT66: 0.22 | BU66: 0.665 | BV66: 1.06 | BW66: 0.141 | BX66: 0.82 | BY66: 0.945 | BZ66: 1.765 | CA66: 0.949 | CB66: 0.976 | CC66: 0 | CD66: 0.322 | CE66: 0.764 | CF66: 0.371 | CG66: 2.433 | CH66: 0.534 | CI66: 7.0424 | CJ66: 0.5552 | CK66: 0 | CL66: 0 | CM66: 0 | CN66: 0 | CO66: 0 | CP66: 0 | CQ66: 0 | CR66: 0 | CS66: 0 | CT66: 0 | CU66: 1 | CV66: 1 | CW66: 1 | CX66: 0 | CY66: 0 | CZ66: 0 | DA66: 0 | DB66: 1 | DC66: 2 | DD66: (-92.38251904595269, 38.96241028402458) | DE66: 0.00055976253 | DF66: 0.1172456969678558
A67: 1400000US29019001400 | B67: 29 | C67: 019 | D67: 001400 | E67: 11.834 | F67: 29019 | G67: 29019001400 | H67: MO | I67: Missouri | J67: Boone County | K67: Census Tract 14, Boone County, Missouri | L67: 11433 | M67: 11027 | N67: 550 | O67: 4780 | P67: 4693 | Q67: 142 | R67: 4433 | S67: 1430 | T67: 352 | U67: 334 | V67: 415 | W67: 23581 | X67: 2009 | Y67: 448 | Z67: 286 | AA67: 1113 | AB67: 2804 | AC67: 545 | AD67: 2712 | AE67: 272 | AF67: 399 | AG67: 194 | AH67: 168 | AI67: 143 | AJ67: 107 | AK67: 110 | AL67: 136 | AM67: 346 | AN67: 140 | AO67: 114 | AP67: 0.131385 | AQ67: 0.031611 | AR67: 0.054415 | AS67: 0.06744 | AT67: 23581 | AU67: 2009 | AV67: 0.068891 | AW67: 0.043837 | AX67: 0.097349 | AY67: 0.245254 | AZ67: 0.12294157 | BA67: 0.237208 | BB67: 0.027273 | BC67: 0.039983 | BD67: 0.041338 | BE67: 0.035776 | BF67: 0.03047 | BG67: 0.022781 | BH67: 0.025217 | BI67: 0.031159 | BJ67: 0.079321 | BK67: 0.031912 | BL67: 0.009971 | BM67: 0.503 | BN67: 0.34 | BO67: 0.4217 | BP67: 0.198 | BQ67: 1.4627 | BR67: 0.3307 | BS67: 0.194 | BT67: 0.549 | BU67: 0.684 | BV67: 1.427 | BW67: 0.413 | BX67: 0.749 | BY67: 0.903 | BZ67: 1.652 | CA67: 0.898 | CB67: 0.617 | CC67: 0.55 | CD67: 0.76 | CE67: 0.67 | CF67: 0.577 | CG67: 3.174 | CH67: 0.838 | CI67: 7.7157 | CJ67: 0.6729 | CK67: 0 | CL67: 0 | CM67: 0 | CN67: 0 | CO67: 0 | CP67: 0 | CQ67: 0 | CR67: 0 | CS67: 0 | CT67: 0 | CU67: 1 | CV67: 1 | CW67: 0 | CX67: 0 | CY67: 0 | CZ67: 0 | DA67: 0 | DB67: 0 | DC67: 1 | DD67: (-92.35663680913967, 38.99081489147528) | DE67: 0.0032064252 | DF67: 0.3381986643624227
A68: 1400000US29019001502 | B68: 29 | C68: 019 | D68: 001502 | E68: 8.151 | F68: 29019 | G68: 29019001502 | H68: MO | I68: Missouri | J68: Boone County | K68: Census Tract 15.02, Boone County, Missouri | L68: 6356 | M68: 6391 | N68: 499 | O68: 3162 | P68: 3254 | Q68: 144 | R68: 2710 | S68: 1486 | T68: 454 | U68: 330 | V68: 395 | W68: 18808 | X68: 2781 | Y68: 571 | Z68: 292 | AA68: 539 | AB68: 1581 | AC68: 511 | AD68: 2266 | AE68: 107 | AF68: 421 | AG68: 212 | AH68: 150 | AI68: 276 | AJ68: 122 | AK68: 33 | AL68: 125 | AM68: 456 | AN68: 206 | AO68: 89 | AP68: 0.241665 | AQ68: 0.071495 | AR68: 0.100151 | AS68: 0.119126 | AT68: 18808 | AU68: 2781 | AV68: 0.149868 | AW68: 0.075291 | AX68: 0.084801 | AY68: 0.248741 | AZ68: 0.18856088 | BA68: 0.356513 | BB68: 0.018602 | BC68: 0.073178 | BD68: 0.06515 | BE68: 0.046006 | BF68: 0.084818 | BG68: 0.037303 | BH68: 0.010945 | BI68: 0.041454 | BJ68: 0.151243 | BK68: 0.06779 | BL68: 0.014002 | BM68: 0.812 | BN68: 0.73 | BO68: 0.683 | BP68: 0.566 | BQ68: 2.791 | BR68: 0.748 | BS68: 0.137 | BT68: 0.584 | BU68: 0.882 | BV68: 1.603 | BW68: 0.568 | BX68: 0.821 | BY68: 0.848 | BZ68: 1.669 | CA68: 0.907 | CB68: 0.705 | CC68: 0.685 | CD68: 0.498 | CE68: 0.859 | CF68: 0.635 | CG68: 3.382 | CH68: 0.907 | CI68: 9.445 | CJ68: 0.8982 | CK68: 0 | CL68: 0 | CM68: 0 | CN68: 0 | CO68: 0 | CP68: 0 | CQ68: 0 | CR68: 0 | CS68: 0 | CT68: 0 | CU68: 0 | CV68: 0 | CW68: 0 | CX68: 0 | CY68: 0 | CZ68: 0 | DA68: 0 | DB68: 0 | DC68: 0 | DD68: (-92.27022638253261, 38.99808758156069) | DE68: 0.0021916093 | DF68: 0.2903916332168451
A69: 1400000US29019001503 | B69: 29 | C69: 019 | D69: 001503 | E69: 6.09 | F69: 29019 | G69: 29019001503 | H69: MO | I69: Missouri | J69: Boone County | K69: Census Tract 15.03, Boone County, Missouri | L69: 4023 | M69: 3330 | N69: 506 | O69: 1553 | P69: 1422 | Q69: 130 | R69: 1379 | S69: 836 | T69: 472 | U69: 89 | V69: 448 | W69: 16862 | X69: 2762 | Y69: 294 | Z69: 326 | AA69: 203 | AB69: 1122 | AC69: 269 | AD69: 1211 | AE69: 0 | AF69: 456 | AG69: 0 | AH69: 197 | AI69: 198 | AJ69: 101 | AK69: 76 | AL69: 143 | AM69: 39 | AN69: 128 | AO69: 274 | AP69: 0.273113 | AQ69: 0.148386 | AR69: 0.053453 | AS69: 0.268848 | AT69: 16862 | AU69: 2762 | AV69: 0.146487 | AW69: 0.161476 | AX69: 0.050459 | AY69: 0.278896 | AZ69: 0.19506889 | BA69: 0.301019 | BB69: 0 | BC69: 0.152559 | BD69: 0 | BE69: 0.138537 | BF69: 0.13924 | BG69: 0.069876 | BH69: 0.0625 | BI69: 0.117405 | BJ69: 0.032072 | BK69: 0.105206 | BL69: 0.068108 | BM69: 0.859 | BN69: 0.33 | BO69: 0.7964 | BP69: 0.551 | BQ69: 2.5364 | BR69: 0.678 | BS69: 0.023 | BT69: 0.843 | BU69: 0.892 | BV69: 1.758 | BW69: 0.689 | BX69: 0.789 | BY69: 0 | BZ69: 0.789 | CA69: 0.39 | CB69: 0 | CC69: 0.798 | CD69: 0.968 | CE69: 0.302 | CF69: 0.917 | CG69: 2.985 | CH69: 0.77 | CI69: 8.0684 | CJ69: 0.7249 | CK69: 0 | CL69: 0 | CM69: 0 | CN69: 0 | CO69: 0 | CP69: 0 | CQ69: 0 | CR69: 0 | CS69: 0 | CT69: 0 | CU69: 0 | CV69: 0 | CW69: 0 | CX69: 0 | CY69: 1 | CZ69: 0 | DA69: 1 | DB69: 2 | DC69: 2 | DD69: (-92.29978089758636, 39.01478548441909) | DE69: 0.0016404743 | DF69: 0.19340683839079464
A70: 1400000US29019001504 | B70: 29 | C70: 019 | D70: 001504 | E70: 3.651 | F70: 29019 | G70: 29019001504 | H70: MO | I70: Missouri | J70: Boone County | K70: Census Tract 15.04, Boone County, Missouri | L70: 9106 | M70: 8690 | N70: 598 | O70: 3939 | P70: 3823 | Q70: 158 | R70: 3631 | S70: 1474 | T70: 446 | U70: 301 | V70: 383 | W70: 20998 | X70: 1627 | Y70: 536 | Z70: 319 | AA70: 673 | AB70: 2463 | AC70: 566 | AD70: 3043 | AE70: 202 | AF70: 334 | AG70: 110 | AH70: 180 | AI70: 454 | AJ70: 132 | AK70: 61 | AL70: 123 | AM70: 124 | AN70: 60 | AO70: 11 | AP70: 0.16962 | AQ70: 0.049978 | AR70: 0.061617 | AS70: 0.078153 | AT70: 20998 | AU70: 1627 | AV70: 0.10802 | AW70: 0.063787 | AX70: 0.073907 | AY70: 0.270481 | AZ70: 0.15587992 | BA70: 0.334175 | BB70: 0.02458 | BC70: 0.040606 | BD70: 0.028773 | BE70: 0.047068 | BF70: 0.118754 | BG70: 0.034177 | BH70: 0.017173 | BI70: 0.034615 | BJ70: 0.034909 | BK70: 0.016785 | BL70: 0.001207 | BM70: 0.641 | BN70: 0.433 | BO70: 0.5545 | BP70: 0.374 | BQ70: 2.0025 | BR70: 0.496 | BS70: 0.098 | BT70: 0.793 | BU70: 0.815 | BV70: 1.706 | BW70: 0.643 | BX70: 0.81 | BY70: 0.889 | BZ70: 1.699 | CA70: 0.923 | CB70: 0.541 | CC70: 0.757 | CD70: 0.632 | CE70: 0.333 | CF70: 0.412 | CG70: 2.675 | CH70: 0.635 | CI70: 8.0825 | CJ70: 0.7292 | CK70: 0 | CL70: 0 | CM70: 0 | CN70: 0 | CO70: 0 | CP70: 0 | CQ70: 0 | CR70: 0 | CS70: 0 | CT70: 0 | CU70: 0 | CV70: 0 | CW70: 0 | CX70: 0 | CY70: 0 | CZ70: 0 | DA70: 0 | DB70: 0 | DC70: 0 | DD70: (-92.30966972982905, 38.98522633697821) | DE70: 0.00098253466 | DF70: 0.1254039364016056
A71: 1400000US29019001601 | B71: 29 | C71: 019 | D71: 001601 | E71: 19.562 | F71: 29019 | G71: 29019001601 | H71: MO | I71: Missouri | J71: Boone County | K71: Census Tract 16.01, Boone County, Missouri | L71: 8052 | M71: 6639 | N71: 738 | O71: 3800 | P71: 3172 | Q71: 147 | R71: 3421 | S71: 932 | T71: 444 | U71: 121 | V71: 435 | W71: 25962 | X71: 3130 | Y71: 300 | Z71: 331 | AA71: 557 | AB71: 1918 | AC71: 407 | AD71: 1786 | AE71: 53 | AF71: 415 | AG71: 151 | AH71: 103 | AI71: 62 | AJ71: 87 | AK71: 87 | AL71: 155 | AM71: 50 | AN71: 41 | AO71: 5 | AP71: 0.140679 | AQ71: 0.06516 | AR71: 0.028857 | AS71: 0.103698 | AT71: 25962 | AU71: 3130 | AV71: 0.072886 | AW71: 0.080119 | AX71: 0.069175 | AY71: 0.238201 | AZ71: 0.11897106 | BA71: 0.221808 | BB71: 0.008631 | BC71: 0.067583 | BD71: 0.047604 | BE71: 0.032396 | BF71: 0.019546 | BG71: 0.027412 | BH71: 0.030082 | BI71: 0.053556 | BJ71: 0.017289 | BK71: 0.014128 | BL71: 0.00062 | BM71: 0.548 | BN71: 0.078 | BO71: 0.3126 | BP71: 0.214 | BQ71: 1.1526 | BR71: 0.239 | BS71: 0.083 | BT71: 0.476 | BU71: 0.664 | BV71: 1.223 | BW71: 0.249 | BX71: 0.734 | BY71: 0.683 | BZ71: 1.417 | CA71: 0.772 | CB71: 0.648 | CC71: 0.509 | CD71: 0.807 | CE71: 0.155 | CF71: 0.374 | CG71: 2.493 | CH71: 0.559 | CI71: 6.2856 | CJ71: 0.4253 | CK71: 0 | CL71: 0 | CM71: 0 | CN71: 0 | CO71: 0 | CP71: 0 | CQ71: 0 | CR71: 0 | CS71: 0 | CT71: 0 | CU71: 0 | CV71: 0 | CW71: 0 | CX71: 0 | CY71: 0 | CZ71: 0 | DA71: 0 | DB71: 0 | DC71: 0 | DD71: (-92.22143787061681, 39.00170740523205) | DE71: 0.0052776568 | DF71: 0.3638979397246761
A72: 1400000US29019001602 | B72: 29 | C72: 019 | D72: 001602 | E72: 52.585 | F72: 29019 | G72: 29019001602 | H72: MO | I72: Missouri | J72: Boone County | K72: Census Tract 16.02, Boone County, Missouri | L72: 3272 | M72: 3073 | N72: 179 | O72: 1432 | P72: 1343 | Q72: 81 | R72: 1330 | S72: 203 | T72: 114 | U72: 32 | V72: 471 | W72: 40616 | X72: 11818 | Y72: 126 | Z72: 347 | AA72: 337 | AB72: 710 | AC72: 111 | AD72: 287 | AE72: 12 | AF72: 442 | AG72: 14 | AH72: 163 | AI72: 102 | AJ72: 58 | AK72: 0 | AL72: 161 | AM72: 0 | AN72: 161 | AO72: 7 | AP72: 0.066059 | AQ72: 0.036897 | AR72: 0.018768 | AS72: 0.276231 | AT72: 40616 | AU72: 11818 | AV72: 0.059099 | AW72: 0.162707 | AX72: 0.102995 | AY72: 0.216992 | AZ72: 0.08345864 | BA72: 0.087713 | BB72: 0.004165 | BC72: 0.153418 | BD72: 0.010424 | BE72: 0.121368 | BF72: 0.075949 | BG72: 0.042943 | BH72: 0 | BI72: 0.123655 | BJ72: 0 | BK72: 0.123655 | BL72: 0.002139 | BM72: 0.23 | BN72: 0.025 | BO72: 0.0599 | BP72: 0.165 | BQ72: 0.4799 | BR72: 0.0606 | BS72: 0.23 | BT72: 0.282 | BU72: 0.344 | BV72: 0.856 | BW72: 0.084 | BX72: 0.422 | BY72: 0.523 | BZ72: 0.945 | CA72: 0.507 | CB72: 0.385 | CC72: 0.667 | CD72: 0 | CE72: 0 | CF72: 0.451 | CG72: 1.503 | CH72: 0.176 | CI72: 3.7839 | CJ72: 0.065 | CK72: 0 | CL72: 0 | CM72: 0 | CN72: 0 | CO72: 0 | CP72: 0 | CQ72: 0 | CR72: 0 | CS72: 0 | CT72: 0 | CU72: 0 | CV72: 0 | CW72: 0 | CX72: 0 | CY72: 0 | CZ72: 0 | DA72: 0 | DB72: 0 | DC72: 0 | DD72: (-92.19397163649911, 38.93749617797065) | DE72: 0.014198837989790714 | DF72: 0.7209754146771848
A73: 1400000US29019001201 | B73: 29 | C73: 019 | D73: 001201 | E73: 2.032 | F73: 29019 | G73: 29019001201 | H73: MO | I73: Missouri | J73: Boone County | K73: Census Tract 12.01, Boone County, Missouri | L73: 5820 | M73: 5661 | N73: 428 | O73: 2382 | P73: 2391 | Q73: 96 | R73: 2293 | S73: 408 | T73: 277 | U73: 135 | V73: 434 | W73: 31625 | X73: 2651 | Y73: 130 | Z73: 369 | AA73: 885 | AB73: 1415 | AC73: 162 | AD73: 905 | AE73: 88 | AF73: 421 | AG73: 0 | AH73: 197 | AI73: 0 | AJ73: 114 | AK73: 21 | AL73: 117 | AM73: 73 | AN73: 128 | AO73: 5 | AP73: 0.072072 | AQ73: 0.048626 | AR73: 0.047153 | AS73: 0.151457 | AT73: 31625 | AU73: 2651 | AV73: 0.033775 | AW73: 0.095838 | AX73: 0.152061 | AY73: 0.243127 | AZ73: 0.0706498 | BA73: 0.155498 | BB73: 0.016356 | BC73: 0.078242 | BD73: 0 | BE73: 0.082392 | BF73: 0 | BG73: 0.047678 | BH73: 0.009263 | BI73: 0.051606 | BJ73: 0.032201 | BK73: 0.056424 | BL73: 0.000859 | BM73: 0.258 | BN73: 0.265 | BO73: 0.1639 | BP73: 0.077 | BQ73: 0.7639 | BR73: 0.1473 | BS73: 0.598 | BT73: 0.527 | BU73: 0.22 | BV73: 1.345 | BW73: 0.339 | BX73: 0.641 | BY73: 0.828 | BZ73: 1.469 | CA73: 0.804 | CB73: 0 | CC73: 0 | CD73: 0.463 | CE73: 0.304 | CF73: 0.388 | CG73: 1.155 | CH73: 0.101 | CI73: 4.7329 | CJ73: 0.1646 | CK73: 0 | CL73: 0 | CM73: 0 | CN73: 0 | CO73: 0 | CP73: 0 | CQ73: 0 | CR73: 0 | CS73: 0 | CT73: 0 | CU73: 0 | CV73: 0 | CW73: 0 | CX73: 0 | CY73: 0 | CZ73: 0 | DA73: 0 | DB73: 0 | DC73: 0 | DD73: (-92.38571903210206, 38.94496143630526) | DE73: 0.00056076365 | DF73: 0.1002088843635924
A74: 1400000US29021002400 | B74: 29 | C74: 021 | D74: 002400 | E74: 0.478 | F74: 29021 | G74: 29021002400 | H74: MO | I74: Missouri | J74: Buchanan County | K74: Census Tract 24, Buchanan County, Missouri | L74: 1988 | M74: 1802 | N74: 209 | O74: 886 | P74: 847 | Q74: 71 | R74: 795 | S74: 352 | T74: 191 | U74: 53 | V74: 458 | W74: 17445 | X74: 2370 | Y74: 265 | Z74: 335 | AA74: 269 | AB74: 475 | AC74: 118 | AD74: 313 | AE74: 11 | AF74: 442 | AG74: 138 | AH74: 131 | AI74: 0 | AJ74: 114 | AK74: 9 | AL74: 115 | AM74: 113 | AN74: 55 | AO74: 15 | AP74: 0.195338 | AQ74: 0.103543 | AR74: 0.055848 | AS74: 0.482474 | AT74: 17445 | AU74: 2370 | AV74: 0.230434 | AW74: 0.290225 | AX74: 0.135311 | AY74: 0.238933 | AZ74: 0.14842767 | BA74: 0.157444 | BB74: 0.006736 | BC74: 0.270666 | BD74: 0.162927 | BE74: 0.154059 | BF74: 0 | BG74: 0.134592 | BH74: 0.011795 | BI74: 0.150714 | BJ74: 0.148099 | BK74: 0.069886 | BL74: 0.007545 | BM74: 0.717 | BN74: 0.361 | BO74: 0.7574 | BP74: 0.827 | BQ74: 2.6624 | BR74: 0.7105 | BS74: 0.454 | BT74: 0.487 | BU74: 0.787 | BV74: 1.728 | BW74: 0.663 | BX74: 0.645 | BY74: 0.621 | BZ74: 1.266 | CA74: 0.692 | CB74: 0.856 | CC74: 0 | CD74: 0.524 | CE74: 0.855 | CF74: 0.544 | CG74: 2.779 | CH74: 0.681 | CI74: 8.4354 | CJ74: 0.7755 | CK74: 0 | CL74: 0 | CM74: 0 | CN74: 0 | CO74: 0 | CP74: 0 | CQ74: 0 | CR74: 0 | CS74: 0 | CT74: 0 | CU74: 0 | CV74: 0 | CW74: 0 | CX74: 0 | CY74: 0 | CZ74: 0 | DA74: 0 | DB74: 0 | DC74: 0 | DD74: (-94.86291087569616, 39.715839284657484) | DE74: 0.00013079169 | DF74: 0.058771754
A75: 1400000US29021000200 | B75: 29 | C75: 021 | D75: 000200 | E75: 2.455 | F75: 29021 | G75: 29021000200 | H75: MO | I75: Missouri | J75: Buchanan County | K75: Census Tract 2, Buchanan County, Missouri | L75: 4415 | M75: 4753 | N75: 298 | O75: 1853 | P75: 1930 | Q75: 59 | R75: 1775 | S75: 431 | T75: 235 | U75: 66 | V75: 459 | W75: 28438 | X75: 2884 | Y75: 246 | Z75: 271 | AA75: 760 | AB75: 1044 | AC75: 166 | AD75: 344 | AE75: 49 | AF75: 412 | AG75: 14 | AH75: 163 | AI75: 73 | AJ75: 72 | AK75: 13 | AL75: 116 | AM75: 105 | AN75: 75 | AO75: 0 | AP75: 0.091062 | AQ75: 0.049319 | AR75: 0.028314 | AS75: 0.196882 | AT75: 28438 | AU75: 2884 | AV75: 0.075298 | AW75: 0.082802 | AX75: 0.17214 | AY75: 0.236466 | AZ75: 0.09352112 | BA75: 0.077916 | BB75: 0.011123 | BC75: 0.093527 | BD75: 0.007253 | BE75: 0.084455 | BF75: 0.037823 | BG75: 0.037287 | BH75: 0.006777 | BI75: 0.060479 | BJ75: 0.054744 | BK75: 0.039063 | BL75: 0 | BM75: 0.342 | BN75: 0.073 | BO75: 0.2339 | BP75: 0.223 | BQ75: 0.8719 | BR75: 0.1755 | BS75: 0.75 | BT75: 0.457 | BU75: 0.435 | BV75: 1.642 | BW75: 0.598 | BX75: 0.389 | BY75: 0.749 | BZ75: 1.138 | CA75: 0.627 | CB75: 0.355 | CC75: 0.571 | CD75: 0.384 | CE75: 0.528 | CF75: 0 | CG75: 1.838 | CH75: 0.279 | CI75: 5.4899 | CJ75: 0.2801 | CK75: 0 | CL75: 0 | CM75: 0 | CN75: 0 | CO75: 0 | CP75: 0 | CQ75: 0 | CR75: 0 | CS75: 0 | CT75: 0 | CU75: 0 | CV75: 0 | CW75: 0 | CX75: 0 | CY75: 0 | CZ75: 0 | DA75: 0 | DB75: 0 | DC75: 0 | DD75: (-94.82800537283609, 39.80712812985063) | DE75: 0.00066972403 | DF75: 0.10500179153160266
A76: 1400000US29021000701 | B76: 29 | C76: 021 | D76: 000701 | E76: 3.188 | F76: 29021 | G76: 29021000701 | H76: MO | I76: Missouri | J76: Buchanan County | K76: Census Tract 7.01, Buchanan County, Missouri | L76: 4427 | M76: 4593 | N76: 525 | O76: 1626 | P76: 1640 | Q76: 78 | R76: 1528 | S76: 199 | T76: 172 | U76: 263 | V76: 409 | W76: 23661 | X76: 3816 | Y76: 324 | Z76: 234 | AA76: 943 | AB76: 600 | AC76: 94 | AD76: 666 | AE76: 26 | AF76: 428 | AG76: 68 | AH76: 44 | AI76: 137 | AJ76: 47 | AK76: 54 | AL76: 126 | AM76: 83 | AN76: 47 | AO76: 1210 | AP76: 0.05834 | AQ76: 0.05003 | AR76: 0.13494 | AS76: 0.208743 | AT76: 23661 | AU76: 3816 | AV76: 0.122448 | AW76: 0.087155 | AX76: 0.213011 | AY76: 0.135531 | AZ76: 0.06151832 | BA76: 0.15044 | BB76: 0.006026 | BC76: 0.099209 | BD76: 0.041463 | BE76: 0.026756 | BF76: 0.083536 | BG76: 0.028381 | BH76: 0.03661 | BI76: 0.085386 | BJ76: 0.056271 | BK76: 0.03163 | BL76: 0.273322 | BM76: 0.199 | BN76: 0.869 | BO76: 0.4166 | BP76: 0.438 | BQ76: 1.9226 | BR76: 0.4679 | BS76: 0.917 | BT76: 0.048 | BU76: 0.14 | BV76: 1.105 | BW76: 0.17 | BX76: 0.625 | BY76: 0.6 | BZ76: 1.225 | CA76: 0.672 | CB76: 0.618 | CC76: 0.682 | CD76: 0.869 | CE76: 0.543 | CF76: 0.975 | CG76: 3.687 | CH76: 0.974 | CI76: 7.9396 | CJ76: 0.7047 | CK76: 0 | CL76: 0 | CM76: 0 | CN76: 0 | CO76: 0 | CP76: 1 | CQ76: 0 | CR76: 0 | CS76: 1 | CT76: 0 | CU76: 0 | CV76: 0 | CW76: 0 | CX76: 0 | CY76: 0 | CZ76: 0 | DA76: 1 | DB76: 1 | DC76: 2 | DD76: (-94.78601916969232, 39.76732477062199) | DE76: 0.00087182097 | DF76: 0.12632174151640477
A77: 1400000US29021001200 | B77: 29 | C77: 021 | D77: 001200 | E77: 0.585 | F77: 29021 | G77: 29021001200 | H77: MO | I77: Missouri | J77: Buchanan County | K77: Census Tract 12, Buchanan County, Missouri | L77: 2065 | M77: 2183 | N77: 373 | O77: 1072 | P77: 1136 | Q77: 76 | R77: 849 | S77: 583 | T77: 333 | U77: 97 | V77: 448 | W77: 15615 | X77: 3779 | Y77: 240 | Z77: 298 | AA77: 225 | AB77: 446 | AC77: 143 | AD77: 510 | AE77: 27 | AF77: 427 | AG77: 356 | AH77: 125 | AI77: 0 | AJ77: 114 | AK77: 53 | AL77: 121 | AM77: 209 | AN77: 77 | AO77: 289 | AP77: 0.309283 | AQ77: 0.169177 | AR77: 0.1073 | AS77: 0.494336 | AT77: 15615 | AU77: 3779 | AV77: 0.187207 | AW77: 0.23104 | AX77: 0.108958 | AY77: 0.21598 | AZ77: 0.16843345 | BA77: 0.246973 | BB77: 0.013426 | BC77: 0.21232 | BD77: 0.31338 | BE77: 0.108019 | BF77: 0 | BG77: 0.100352 | BH77: 0.062279 | BI77: 0.141957 | BJ77: 0.245593 | BK77: 0.08473 | BL77: 0.139951 | BM77: 0.892 | BN77: 0.774 | BO77: 0.8542 | BP77: 0.715 | BQ77: 3.2352 | BR77: 0.8614 | BS77: 0.264 | BT77: 0.276 | BU77: 0.842 | BV77: 1.382 | BW77: 0.376 | BX77: 0.758 | BY77: 0.79 | BZ77: 1.548 | CA77: 0.85 | CB77: 0.948 | CC77: 0 | CD77: 0.967 | CE77: 0.937 | CF77: 0.953 | CG77: 3.805 | CH77: 0.987 | CI77: 9.9702 | CJ77: 0.9466 | CK77: 0 | CL77: 0 | CM77: 0 | CN77: 0 | CO77: 0 | CP77: 0 | CQ77: 0 | CR77: 0 | CS77: 0 | CT77: 0 | CU77: 0 | CV77: 0 | CW77: 1 | CX77: 0 | CY77: 1 | CZ77: 1 | DA77: 1 | DB77: 4 | DC77: 4 | DD77: (-94.85210189649877, 39.77138439895531) | DE77: 0.0001607108 | DF77: 0.060130861
A78: 1400000US29021000100 | B78: 29 | C78: 021 | D78: 000100 | E78: 4.974 | F78: 29021 | G78: 29021000100 | H78: MO | I78: Missouri | J78: Buchanan County | K78: Census Tract 1, Buchanan County, Missouri | L78: 5397 | M78: 5862 | N78: 360 | O78: 2366 | P78: 2286 | Q78: 90 | R78: 2124 | S78: 574 | T78: 302 | U78: 99 | V78: 416 | W78: 33195 | X78: 4197 | Y78: 161 | Z78: 350 | AA78: 840 | AB78: 1310 | AC78: 171 | AD78: 761 | AE78: 90 | AF78: 401 | AG78: 347 | AH78: 138 | AI78: 0 | AJ78: 114 | AK78: 12 | AL78: 115 | AM78: 50 | AN78: 35 | AO78: 140 | AP78: 0.099566 | AQ78: 0.052054 | AR78: 0.031518 | AS78: 0.1324 | AT78: 33195 | AU78: 4197 | AV78: 0.046131 | AW78: 0.100213 | AX78: 0.155642 | AY78: 0.242727 | AZ78: 0.08050847 | BA78: 0.141004 | BB78: 0.016611 | BC78: 0.074003 | BD78: 0.151793 | BE78: 0.06007 | BF78: 0 | BG78: 0.049868 | BH78: 0.005545 | BI78: 0.053141 | BJ78: 0.023105 | BK78: 0.01612 | BL78: 0.02594 | BM78: 0.369 | BN78: 0.099 | BO78: 0.1408 | BP78: 0.115 | BQ78: 0.7238 | BR78: 0.1321 | BS78: 0.628 | BT78: 0.523 | BU78: 0.309 | BV78: 1.46 | BW78: 0.445 | BX78: 0.595 | BY78: 0.833 | BZ78: 1.428 | CA78: 0.778 | CB78: 0.84 | CC78: 0 | CD78: 0.349 | CE78: 0.216 | CF78: 0.779 | CG78: 2.184 | CH78: 0.412 | CI78: 5.7958 | CJ78: 0.3408 | CK78: 0 | CL78: 0 | CM78: 0 | CN78: 0 | CO78: 0 | CP78: 0 | CQ78: 0 | CR78: 0 | CS78: 0 | CT78: 0 | CU78: 0 | CV78: 0 | CW78: 0 | CX78: 0 | CY78: 0 | CZ78: 0 | DA78: 0 | DB78: 0 | DC78: 0 | DD78: (-94.79115450261753, 39.80682166692708) | DE78: 0.0013575414 | DF78: 0.1495849975086745
A79: 1400000US29021000300 | B79: 29 | C79: 021 | D79: 000300 | E79: 9.995 | F79: 29021 | G79: 29021000300 | H79: MO | I79: Missouri | J79: Buchanan County | K79: Census Tract 3, Buchanan County, Missouri | L79: 3297 | M79: 3286 | N79: 256 | O79: 1441 | P79: 1471 | Q79: 72 | R79: 1277 | S79: 316 | T79: 233 | U79: 169 | V79: 419 | W79: 18827 | X79: 1900 | Y79: 371 | Z79: 329 | AA79: 362 | AB79: 888 | AC79: 235 | AD79: 302 | AE79: 0 | AF79: 456 | AG79: 9 | AH79: 162 | AI79: 64 | AJ79: 48 | AK79: 20 | AL79: 118 | AM79: 156 | AN79: 79 | AO79: 8 | AP79: 0.096488 | AQ79: 0.07074 | AR79: 0.109173 | AS79: 0.26995 | AT79: 18827 | AU79: 1900 | AV79: 0.181329 | AW79: 0.160258 | AX79: 0.109796 | AY79: 0.269335 | AZ79: 0.18402505 | BA79: 0.091598 | BB79: 0 | BC79: 0.148534 | BD79: 0.006118 | BE79: 0.110128 | BF79: 0.043507 | BG79: 0.032561 | BH79: 0.015325 | BI79: 0.090413 | BJ79: 0.11954 | BK79: 0.059796 | BL79: 0.002426 | BM79: 0.358 | BN79: 0.784 | BO79: 0.6809 | BP79: 0.692 | BQ79: 2.5149 | BR79: 0.67 | BS79: 0.271 | BT79: 0.785 | BU79: 0.871 | BV79: 1.927 | BW79: 0.818 | BX79: 0.435 | BY79: 0 | BZ79: 0.435 | CA79: 0.181 | CB79: 0.339 | CC79: 0.589 | CD79: 0.605 | CE79: 0.805 | CF79: 0.458 | CG79: 2.796 | CH79: 0.685 | CI79: 7.6729 | CJ79: 0.6635 | CK79: 0 | CL79: 0 | CM79: 0 | CN79: 0 | CO79: 0 | CP79: 0 | CQ79: 0 | CR79: 0 | CS79: 0 | CT79: 0 | CU79: 0 | CV79: 0 | CW79: 0 | CX79: 0 | CY79: 0 | CZ79: 0 | DA79: 0 | DB79: 0 | DC79: 0 | DD79: (-94.88410759291112, 39.789212580620124) | DE79: 0.0028447875 | DF79: 0.29097952
A80: 1400000US29021000400 | B80: 29 | C80: 021 | D80: 000400 | E80: 0.625 | F80: 29021 | G80: 29021000400 | H80: MO | I80: Missouri | J80: Buchanan County | K80: Census Tract 4, Buchanan County, Missouri | L80: 1785 | M80: 1628 | N80: 276 | O80: 769 | P80: 763 | Q80: 67 | R80: 654 | S80: 443 | T80: 215 | U80: 95 | V80: 430 | W80: 15078 | X80: 3605 | Y80: 283 | Z80: 276 | AA80: 167 | AB80: 529 | AC80: 117 | AD80: 259 | AE80: 40 | AF80: 445 | AG80: 0 | AH80: 197 | AI80: 48 | AJ80: 61 | AK80: 7 | AL80: 115 | AM80: 37 | AN80: 31 | AO80: 0 | AP80: 0.273456 | AQ80: 0.124333 | AR80: 0.136887 | AS80: 0.618102 | AT80: 15078 | AU80: 3605 | AV80: 0.271332 | AW80: 0.260398 | AX80: 0.093557 | AY80: 0.296358 | AZ80: 0.17889908 | BA80: 0.145098 | BB80: 0.025396 | BC80: 0.282506 | BD80: 0 | BE80: 0.258191 | BF80: 0.062909 | BG80: 0.079756 | BH80: 0.011551 | BI80: 0.189758 | BJ80: 0.061056 | BK80: 0.05007 | BL80: 0 | BM80: 0.861 | BN80: 0.873 | BO80: 0.8729 | BP80: 0.908 | BQ80: 3.5149 | BR80: 0.9242 | BS80: 0.178 | BT80: 0.91 | BU80: 0.863 | BV80: 1.951 | BW80: 0.833 | BX80: 0.605 | BY80: 0.895 | BZ80: 1.5 | CA80: 0.825 | CB80: 0 | CC80: 0.631 | CD80: 0.515 | CE80: 0.573 | CF80: 0 | CG80: 1.719 | CH80: 0.238 | CI80: 8.6849 | CJ80: 0.8101 | CK80: 0 | CL80: 0 | CM80: 0 | CN80: 1 | CO80: 1 | CP80: 0 | CQ80: 1 | CR80: 0 | CS80: 1 | CT80: 0 | CU80: 0 | CV80: 0 | CW80: 0 | CX80: 0 | CY80: 0 | CZ80: 0 | DA80: 0 | DB80: 0 | DC80: 2 | DD80: (-94.86390244028279, 39.777854287315265) | DE80: 0.00018943642 | DF80: 0.070576321
A81: 1400000US29021002900 | B81: 29 | C81: 021 | D81: 002900 | E81: 112.92 | F81: 29021 | G81: 29021002900 | H81: MO | I81: Missouri | J81: Buchanan County | K81: Census Tract 29, Buchanan County, Missouri | L81: 3250 | M81: 3198 | N81: 291 | O81: 1473 | P81: 1472 | Q81: 94 | R81: 1267 | S81: 309 | T81: 142 | U81: 55 | V81: 428 | W81: 20527 | X81: 2092 | Y81: 336 | Z81: 246 | AA81: 462 | AB81: 769 | AC81: 123 | AD81: 126 | AE81: 0 | AF81: 456 | AG81: 0 | AH81: 197 | AI81: 504 | AJ81: 117 | AK81: 0 | AL81: 161 | AM81: 65 | AN81: 50 | AO81: 0 | AP81: 0.096834 | AQ81: 0.043621 | AR81: 0.036569 | AS81: 0.284544 | AT81: 20527 | AU81: 2092 | AV81: 0.151283 | AW81: 0.109868 | AX81: 0.142153 | AY81: 0.236615 | AZ81: 0.09707971 | BA81: 0.038769 | BB81: 0 | BC81: 0.149214 | BD81: 0 | BE81: 0.133831 | BF81: 0.342391 | BG81: 0.076417 | BH81: 0 | BI81: 0.1288 | BJ81: 0.052 | BK81: 0.039778 | BL81: 0 | BM81: 0.36 | BN81: 0.151 | BO81: 0.5805 | BP81: 0.574 | BQ81: 1.6655 | BR81: 0.3913 | BS81: 0.518 | BT81: 0.458 | BU81: 0.465 | BV81: 1.441 | BW81: 0.429 | BX81: 0.155 | BY81: 0 | BZ81: 0.155 | CA81: 0.073 | CB81: 0 | CC81: 0.987 | CD81: 0 | CE81: 0.501 | CF81: 0 | CG81: 1.488 | CH81: 0.171 | CI81: 4.7495 | CJ81: 0.1682 | CK81: 0 | CL81: 0 | CM81: 0 | CN81: 0 | CO81: 0 | CP81: 0 | CQ81: 0 | CR81: 0 | CS81: 0 | CT81: 0 | CU81: 0 | CV81: 0 | CW81: 0 | CX81: 1 | CY81: 0 | CZ81: 0 | DA81: 0 | DB81: 1 | DC81: 1 | DD81: (-94.96806933908616, 39.61569739700385) | DE81: 0.031531508 | DF81: 0.8455759304927606
A82: 1400000US29021003000 | B82: 29 | C82: 021 | D82: 003000 | E82: 3.651 | F82: 29021 | G82: 29021003000 | H82: MO | I82: Missouri | J82: Buchanan County | K82: Census Tract 30, Buchanan County, Missouri | L82: 6308 | M82: 5472 | N82: 562 | O82: 2881 | P82: 2682 | Q82: 122 | R82: 2393 | S82: 1379 | T82: 480 | U82: 418 | V82: 314 | W82: 15977 | X82: 2092 | Y82: 1061 | Z82: 252 | AA82: 572 | AB82: 1651 | AC82: 445 | AD82: 1333 | AE82: 201 | AF82: 445 | AG82: 58 | AH82: 43 | AI82: 62 | AJ82: 49 | AK82: 30 | AL82: 117 | AM82: 262 | AN82: 109 | AO82: 114 | AP82: 0.253306 | AQ82: 0.084275 | AR82: 0.15539 | AS82: 0.115227 | AT82: 15977 | AU82: 2092 | AV82: 0.298789 | AW82: 0.065343 | AX82: 0.090678 | AY82: 0.261731 | AZ82: 0.18595904 | BA82: 0.211318 | BB82: 0.039074 | BC82: 0.086415 | BD82: 0.021625 | BE82: 0.016002 | BF82: 0.023117 | BG82: 0.018239 | BH82: 0.014409 | BI82: 0.05618 | BJ82: 0.12584 | BK82: 0.051105 | BL82: 0.018072 | BM82: 0.831 | BN82: 0.907 | BO82: 0.839 | BP82: 0.943 | BQ82: 3.52 | BR82: 0.9249 | BS82: 0.164 | BT82: 0.716 | BU82: 0.876 | BV82: 1.756 | BW82: 0.687 | BX82: 0.723 | BY82: 0.943 | BZ82: 1.666 | CA82: 0.905 | CB82: 0.484 | CC82: 0.528 | CD82: 0.58 | CE82: 0.82 | CF82: 0.687 | CG82: 3.099 | CH82: 0.816 | CI82: 10.041 | CJ82: 0.9495 | CK82: 0 | CL82: 1 | CM82: 0 | CN82: 1 | CO82: 2 | CP82: 0 | CQ82: 0 | CR82: 0 | CS82: 0 | CT82: 0 | CU82: 1 | CV82: 1 | CW82: 0 | CX82: 0 | CY82: 0 | CZ82: 0 | DA82: 0 | DB82: 0 | DC82: 3 | DD82: (-94.85550227711293, 39.74301580091482) | DE82: 0.0011086533 | DF82: 0.21519515502766814
A83: 1400000US29021000500 | B83: 29 | C83: 021 | D83: 000500 | E83: 1.066 | F83: 29021 | G83: 29021000500 | H83: MO | I83: Missouri | J83: Buchanan County | K83: Census Tract 5, Buchanan County, Missouri | L83: 2947 | M83: 2715 | N83: 229 | O83: 1257 | P83: 1229 | Q83: 71 | R83: 1147 | S83: 424 | T83: 182 | U83: 69 | V83: 459 | W83: 23988 | X83: 3073 | Y83: 268 | Z83: 249 | AA83: 498 | AB83: 724 | AC83: 156 | AD83: 279 | AE83: 32 | AF83: 443 | AG83: 17 | AH83: 164 | AI83: 131 | AJ83: 60 | AK83: 15 | AL83: 116 | AM83: 64 | AN83: 56 | AO83: 112 | AP83: 0.156169 | AQ83: 0.065728 | AR83: 0.054502 | AS83: 0.362447 | AT83: 23988 | AU83: 3073 | AV83: 0.138788 | AW83: 0.128555 | AX83: 0.168985 | AY83: 0.245673 | AZ83: 0.13600697 | BA83: 0.094672 | BB83: 0.012877 | BC83: 0.178266 | BD83: 0.013832 | BE83: 0.133439 | BF83: 0.10659 | BG83: 0.04843 | BH83: 0.013192 | BI83: 0.102019 | BJ83: 0.056288 | BK83: 0.049126 | BL83: 0.038004 | BM83: 0.6 | BN83: 0.341 | BO83: 0.3957 | BP83: 0.519 | BQ83: 1.8557 | BR83: 0.4498 | BS83: 0.729 | BT83: 0.553 | BU83: 0.743 | BV83: 2.025 | BW83: 0.874 | BX83: 0.448 | BY83: 0.784 | BZ83: 1.232 | CA83: 0.677 | CB83: 0.418 | CC83: 0.731 | CD83: 0.554 | CE83: 0.543 | CF83: 0.858 | CG83: 3.104 | CH83: 0.817 | CI83: 8.2167 | CJ83: 0.7466 | CK83: 0 | CL83: 0 | CM83: 0 | CN83: 0 | CO83: 0 | CP83: 0 | CQ83: 0 | CR83: 0 | CS83: 0 | CT83: 0 | CU83: 0 | CV83: 0 | CW83: 0 | CX83: 0 | CY83: 0 | CZ83: 0 | DA83: 0 | DB83: 0 | DC83: 0 | DD83: (-94.83933712193755, 39.788191344467876) | DE83: 0.00029049107 | DF83: 0.075840661
A84: 1400000US29021000600 | B84: 29 | C84: 021 | D84: 000600 | E84: 2.071 | F84: 29021 | G84: 29021000600 | H84: MO | I84: Missouri | J84: Buchanan County | K84: Census Tract 6, Buchanan County, Missouri | L84: 5432 | M84: 5397 | N84: 274 | O84: 1430 | P84: 1445 | Q84: 59 | R84: 1345 | S84: 357 | T84: 229 | U84: 151 | V84: 420 | W84: 20123 | X84: 2540 | Y84: 665 | Z84: 366 | AA84: 532 | AB84: 792 | AC84: 154 | AD84: 1041 | AE84: 0 | AF84: 456 | AG84: 42 | AH84: 124 | AI84: 0 | AJ84: 114 | AK84: 14 | AL84: 116 | AM84: 0 | AN84: 161 | AO84: 2212 | AP84: 0.11479 | AQ84: 0.073171 | AR84: 0.09298 | AS84: 0.258126 | AT84: 20123 | AU84: 2540 | AV84: 0.160511 | AW84: 0.087925 | AX84: 0.097938 | AY84: 0.145802 | AZ84: 0.11449814 | BA84: 0.191642 | BB84: 0 | BC84: 0.089289 | BD84: 0.029065 | BE84: 0.085804 | BF84: 0 | BG84: 0.078892 | BH84: 0.010152 | BI84: 0.084116 | BJ84: 0 | BK84: 0.116751 | BL84: 0.407216 | BM84: 0.433 | BN84: 0.697 | BO84: 0.6043 | BP84: 0.614 | BQ84: 2.3483 | BR84: 0.613 | BS84: 0.2 | BT84: 0.061 | BU84: 0.625 | BV84: 0.886 | BW84: 0.089 | BX84: 0.699 | BY84: 0 | BZ84: 0.699 | CA84: 0.335 | CB84: 0.544 | CC84: 0 | CD84: 0.481 | CE84: 0 | CF84: 0.989 | CG84: 2.014 | CH84: 0.355 | CI84: 5.9473 | CJ84: 0.3625 | CK84: 0 | CL84: 0 | CM84: 0 | CN84: 0 | CO84: 0 | CP84: 0 | CQ84: 0 | CR84: 0 | CS84: 0 | CT84: 0 | CU84: 0 | CV84: 0 | CW84: 0 | CX84: 0 | CY84: 0 | CZ84: 0 | DA84: 1 | DB84: 1 | DC84: 1 | DD84: (-94.81593247177906, 39.78075717380765) | DE84: 0.00056552046 | DF84: 0.11406277802362295
A85: 1400000US29021000702 | B85: 29 | C85: 021 | D85: 000702 | E85: 1.902 | F85: 29021 | G85: 29021000702 | H85: MO | I85: Missouri | J85: Buchanan County | K85: Census Tract 7.02, Buchanan County, Missouri | L85: 4495 | M85: 4268 | N85: 317 | O85: 2227 | P85: 2250 | Q85: 127 | R85: 2160 | S85: 536 | T85: 207 | U85: 65 | V85: 459 | W85: 30249 | X85: 8197 | Y85: 280 | Z85: 319 | AA85: 1192 | AB85: 901 | AC85: 235 | AD85: 614 | AE85: 34 | AF85: 428 | AG85: 671 | AH85: 154 | AI85: 0 | AJ85: 114 | AK85: 31 | AL85: 119 | AM85: 379 | AN85: 161 | AO85: 97 | AP85: 0.127862 | AQ85: 0.048558 | AR85: 0.037945 | AS85: 0.267877 | AT85: 30249 | AU85: 8197 | AV85: 0.084388 | AW85: 0.095905 | AX85: 0.265183 | AY85: 0.200444 | AZ85: 0.10879629 | BA85: 0.136596 | BB85: 0.008525 | BC85: 0.10732 | BD85: 0.298222 | BE85: 0.066342 | BF85: 0 | BG85: 0.050666 | BH85: 0.014097 | BI85: 0.054107 | BJ85: 0.172351 | BK85: 0.072364 | BL85: 0.021579 | BM85: 0.487 | BN85: 0.162 | BO85: 0.1913 | BP85: 0.266 | BQ85: 1.1063 | BR85: 0.2289 | BS85: 0.978 | BT85: 0.187 | BU85: 0.573 | BV85: 1.738 | BW85: 0.673 | BX85: 0.58 | BY85: 0.681 | BZ85: 1.261 | CA85: 0.689 | CB85: 0.943 | CC85: 0 | CD85: 0.573 | CE85: 0.881 | CF85: 0.728 | CG85: 3.125 | CH85: 0.822 | CI85: 7.2303 | CJ85: 0.5986 | CK85: 0 | CL85: 0 | CM85: 0 | CN85: 0 | CO85: 0 | CP85: 1 | CQ85: 0 | CR85: 0 | CS85: 1 | CT85: 0 | CU85: 0 | CV85: 0 | CW85: 1 | CX85: 0 | CY85: 0 | CZ85: 0 | DA85: 0 | DB85: 1 | DC85: 2 | DD85: (-94.78870088838794, 39.78541493053498) | DE85: 0.00052276841 | DF85: 0.10852203114916945
A86: 1400000US29021000900 | B86: 29 | C86: 021 | D86: 000900 | E86: 0.841 | F86: 29021 | G86: 29021000900 | H86: MO | I86: Missouri | J86: Buchanan County | K86: Census Tract 9, Buchanan County, Missouri | L86: 4725 | M86: 4764 | N86: 517 | O86: 2182 | P86: 2149 | Q86: 115 | R86: 1952 | S86: 541 | T86: 333 | U86: 155 | V86: 441 | W86: 19273 | X86: 1826 | Y86: 263 | Z86: 324 | AA86: 562 | AB86: 1173 | AC86: 310 | AD86: 791 | AE86: 0 | AF86: 456 | AG86: 156 | AH86: 92 | AI86: 14 | AJ86: 20 | AK86: 0 | AL86: 161 | AM86: 141 | AN86: 102 | AO86: 39 | AP86: 0.11356 | AQ86: 0.068804 | AR86: 0.062525 | AS86: 0.17767 | AT86: 19273 | AU86: 1826 | AV86: 0.084213 | AW86: 0.103488 | AX86: 0.118941 | AY86: 0.248253 | AZ86: 0.15881147 | BA86: 0.167407 | BB86: 0 | BC86: 0.104899 | BD86: 0.072591 | BE86: 0.042633 | BF86: 0.006514 | BG86: 0.0093 | BH86: 0 | BI86: 0.086886 | BJ86: 0.076092 | BK86: 0.054617 | BL86: 0.008253 | BM86: 0.428 | BN86: 0.443 | BO86: 0.6527 | BP86: 0.264 | BQ86: 1.7877 | BR86: 0.4267 | BS86: 0.335 | BT86: 0.576 | BU86: 0.819 | BV86: 1.73 | BW86: 0.664 | BX86: 0.662 | BY86: 0 | BZ86: 0.662 | CA86: 0.312 | CB86: 0.721 | CC86: 0.42 | CD86: 0 | CE86: 0.653 | CF86: 0.553 | CG86: 2.347 | CH86: 0.484 | CI86: 6.5267 | CJ86: 0.4635 | CK86: 0 | CL86: 0 | CM86: 0 | CN86: 0 | CO86: 0 | CP86: 0 | CQ86: 0 | CR86: 0 | CS86: 0 | CT86: 0 | CU86: 0 | CV86: 0 | CW86: 0 | CX86: 0 | CY86: 0 | CZ86: 0 | DA86: 0 | DB86: 0 | DC86: 0 | DD86: (-94.82535384430909, 39.76754048834602) | DE86: 0.00022875923 | DF86: 0.077009242
A87: 1400000US29021001000 | B87: 29 | C87: 021 | D87: 001000 | E87: 0.469 | F87: 29021 | G87: 29021001000 | H87: MO | I87: Missouri | J87: Buchanan County | K87: Census Tract 10, Buchanan County, Missouri | L87: 2932 | M87: 2897 | N87: 401 | O87: 1360 | P87: 1461 | Q87: 94 | R87: 1068 | S87: 1164 | T87: 370 | U87: 350 | V87: 347 | W87: 13571 | X87: 2227 | Y87: 238 | Z87: 337 | AA87: 169 | AB87: 866 | AC87: 244 | AD87: 1200 | AE87: 0 | AF87: 456 | AG87: 208 | AH87: 86 | AI87: 0 | AJ87: 114 | AK87: 25 | AL87: 117 | AM87: 177 | AN87: 81 | AO87: 45 | AP87: 0.413205 | AQ87: 0.117875 | AR87: 0.24255 | AS87: 0.235303 | AT87: 13571 | AU87: 2227 | AV87: 0.158244 | AW87: 0.222826 | AX87: 0.057639 | AY87: 0.295361 | AZ87: 0.22846441 | BA87: 0.409276 | BB87: 0 | BC87: 0.1724 | BD87: 0.142368 | BE87: 0.058146 | BF87: 0 | BG87: 0.078028 | BH87: 0.023148 | BI87: 0.108295 | BJ87: 0.163888 | BK87: 0.07219 | BL87: 0.015347 | BM87: 0.964 | BN87: 0.974 | BO87: 0.9213 | BP87: 0.602 | BQ87: 3.4613 | BR87: 0.9134 | BS87: 0.037 | BT87: 0.907 | BU87: 0.925 | BV87: 1.869 | BW87: 0.781 | BX87: 0.843 | BY87: 0 | BZ87: 0.843 | CA87: 0.426 | CB87: 0.831 | CC87: 0 | CD87: 0.73 | CE87: 0.875 | CF87: 0.651 | CG87: 3.087 | CH87: 0.81 | CI87: 9.2603 | CJ87: 0.8809 | CK87: 1 | CL87: 1 | CM87: 1 | CN87: 0 | CO87: 3 | CP87: 0 | CQ87: 1 | CR87: 1 | CS87: 2 | CT87: 0 | CU87: 0 | CV87: 0 | CW87: 0 | CX87: 0 | CY87: 0 | CZ87: 0 | DA87: 0 | DB87: 0 | DC87: 5 | DD87: (-94.83995397828704, 39.76736431925507) | DE87: 0.00012669939 | DF87: 0.049194302
A88: 1400000US29021001100 | B88: 29 | C88: 021 | D88: 001100 | E88: 0.6 | F88: 29021 | G88: 29021001100 | H88: MO | I88: Missouri | J88: Buchanan County | K88: Census Tract 11, Buchanan County, Missouri | L88: 2660 | M88: 2970 | N88: 426 | O88: 1421 | P88: 1509 | Q88: 91 | R88: 1168 | S88: 770 | T88: 222 | U88: 90 | V88: 415 | W88: 16847 | X88: 2043 | Y88: 439 | Z88: 248 | AA88: 285 | AB88: 650 | AC88: 177 | AD88: 515 | AE88: 41 | AF88: 427 | AG88: 229 | AH88: 87 | AI88: 0 | AJ88: 114 | AK88: 52 | AL88: 128 | AM88: 193 | AN88: 73 | AO88: 1 | AP88: 0.261726 | AQ88: 0.065508 | AR88: 0.065123 | AS88: 0.299922 | AT88: 16847 | AU88: 2043 | AV88: 0.224667 | AW88: 0.123984 | AX88: 0.107142 | AY88: 0.24436 | AZ88: 0.15154109 | BA88: 0.193609 | BB88: 0.014275 | BC88: 0.148661 | BD88: 0.151756 | BE88: 0.056923 | BF88: 0 | BG88: 0.075546 | BH88: 0.041901 | BI88: 0.103069 | BJ88: 0.155519 | BK88: 0.05703 | BL88: 0.000375 | BM88: 0.845 | BN88: 0.472 | BO88: 0.7971 | BP88: 0.812 | BQ88: 2.9261 | BR88: 0.7856 | BS88: 0.251 | BT88: 0.538 | BU88: 0.801 | BV88: 1.59 | BW88: 0.562 | BX88: 0.703 | BY88: 0.798 | BZ88: 1.501 | CA88: 0.825 | CB88: 0.839 | CC88: 0 | CD88: 0.903 | CE88: 0.865 | CF88: 0.359 | CG88: 2.966 | CH88: 0.76 | CI88: 8.9831 | CJ88: 0.8498 | CK88: 0 | CL88: 0 | CM88: 0 | CN88: 0 | CO88: 0 | CP88: 0 | CQ88: 0 | CR88: 0 | CS88: 0 | CT88: 0 | CU88: 0 | CV88: 0 | CW88: 0 | CX88: 0 | CY88: 1 | CZ88: 0 | DA88: 0 | DB88: 1 | DC88: 1 | DD88: (-94.83868127483102, 39.77704837683217) | DE88: 0.00016443788 | DF88: 0.063436941
A89: 1400000US29021001500 | B89: 29 | C89: 021 | D89: 001500 | E89: 0.92 | F89: 29021 | G89: 29021001500 | H89: MO | I89: Missouri | J89: Buchanan County | K89: Census Tract 15, Buchanan County, Missouri | L89: 5371 | M89: 5168 | N89: 494 | O89: 2290 | P89: 2288 | Q89: 96 | R89: 2058 | S89: 813 | T89: 361 | U89: 152 | V89: 451 | W89: 17573 | X89: 1788 | Y89: 412 | Z89: 316 | AA89: 536 | AB89: 1475 | AC89: 315 | AD89: 744 | AE89: 10 | AF89: 442 | AG89: 118 | AH89: 139 | AI89: 12 | AJ89: 21 | AK89: 0 | AL89: 161 | AM89: 213 | AN89: 121 | AO89: 59 | AP89: 0.157986 | AQ89: 0.068512 | AR89: 0.055759 | AS89: 0.165238 | AT89: 17573 | AU89: 1788 | AV89: 0.131545 | AW89: 0.100273 | AX89: 0.099795 | AY89: 0.274622 | AZ89: 0.15306122 | BA89: 0.138521 | BB89: 0.002147 | BC89: 0.09491 | BD89: 0.051573 | BE89: 0.060713 | BF89: 0.005244 | BG89: 0.009175 | BH89: 0 | BI89: 0.0805 | BJ89: 0.1065 | BK89: 0.05997 | BL89: 0.010984 | BM89: 0.604 | BN89: 0.361 | BO89: 0.7538 | BP89: 0.476 | BQ89: 2.1948 | BR89: 0.5639 | BS89: 0.21 | BT89: 0.816 | BU89: 0.804 | BV89: 1.83 | BW89: 0.751 | BX89: 0.587 | BY89: 0.389 | BZ89: 0.976 | CA89: 0.533 | CB89: 0.661 | CC89: 0.4 | CD89: 0 | CE89: 0.769 | CF89: 0.591 | CG89: 2.421 | CH89: 0.527 | CI89: 7.4218 | CJ89: 0.6267 | CK89: 0 | CL89: 0 | CM89: 0 | CN89: 0 | CO89: 0 | CP89: 0 | CQ89: 0 | CR89: 0 | CS89: 0 | CT89: 0 | CU89: 0 | CV89: 0 | CW89: 0 | CX89: 0 | CY89: 0 | CZ89: 0 | DA89: 0 | DB89: 0 | DC89: 0 | DD89: (-94.82561870811034, 39.754413720748744) | DE89: 0.00025001569 | DF89: 0.067658973
A90: 1400000US29021001600 | B90: 29 | C90: 021 | D90: 001600 | E90: 0.702 | F90: 29021 | G90: 29021001600 | H90: MO | I90: Missouri | J90: Buchanan County | K90: Census Tract 16, Buchanan County, Missouri | L90: 2640 | M90: 2640 | N90: 279 | O90: 1248 | P90: 1247 | Q90: 79 | R90: 1134 | S90: 278 | T90: 138 | U90: 90 | V90: 431 | W90: 20751 | X90: 2262 | Y90: 173 | Z90: 295 | AA90: 364 | AB90: 593 | AC90: 140 | AD90: 294 | AE90: 29 | AF90: 412 | AG90: 58 | AH90: 124 | AI90: 74 | AJ90: 68 | AK90: 19 | AL90: 117 | AM90: 76 | AN90: 46 | AO90: 3 | AP90: 0.105303 | AQ90: 0.051074 | AR90: 0.064516 | AS90: 0.308745 | AT90: 20751 | AU90: 2262 | AV90: 0.098913 | AW90: 0.16839 | AX90: 0.137878 | AY90: 0.224621 | AZ90: 0.12345679 | BA90: 0.111363 | BB90: 0.011929 | BC90: 0.169473 | BD90: 0.046511 | BE90: 0.099394 | BF90: 0.059342 | BG90: 0.054401 | BH90: 0.015806 | BI90: 0.09733 | BJ90: 0.063227 | BK90: 0.037962 | BL90: 0.001136 | BM90: 0.392 | BN90: 0.464 | BO90: 0.569 | BP90: 0.331 | BQ90: 1.756 | BR90: 0.4181 | BS90: 0.48 | BT90: 0.338 | BU90: 0.687 | BV90: 1.505 | BW90: 0.489 | BX90: 0.51 | BY90: 0.769 | BZ90: 1.279 | CA90: 0.703 | CB90: 0.641 | CC90: 0.626 | CD90: 0.612 | CE90: 0.586 | CF90: 0.407 | CG90: 2.872 | CH90: 0.721 | CI90: 7.412 | CJ90: 0.626 | CK90: 0 | CL90: 0 | CM90: 0 | CN90: 0 | CO90: 0 | CP90: 0 | CQ90: 0 | CR90: 0 | CS90: 0 | CT90: 0 | CU90: 0 | CV90: 0 | CW90: 0 | CX90: 0 | CY90: 0 | CZ90: 0 | DA90: 0 | DB90: 0 | DC90: 0 | DD90: (-94.80971006121347, 39.75455782719285) | DE90: 0.00019090481 | DF90: 0.064394043
A91: 1400000US29021001700 | B91: 29 | C91: 021 | D91: 001700 | E91: 4.084 | F91: 29021 | G91: 29021001700 | H91: MO | I91: Missouri | J91: Buchanan County | K91: Census Tract 17, Buchanan County, Missouri | L91: 4341 | M91: 4742 | N91: 618 | O91: 1848 | P91: 1883 | Q91: 78 | R91: 1746 | S91: 421 | T91: 217 | U91: 99 | V91: 447 | W91: 20535 | X91: 1892 | Y91: 364 | Z91: 257 | AA91: 773 | AB91: 1045 | AC91: 180 | AD91: 481 | AE91: 108 | AF91: 405 | AG91: 216 | AH91: 98 | AI91: 71 | AJ91: 41 | AK91: 10 | AL91: 115 | AM91: 158 | AN91: 64 | AO91: 109 | AP91: 0.098433 | AQ91: 0.049993 | AR91: 0.041614 | AS91: 0.187796 | AT91: 20535 | AU91: 1892 | AV91: 0.109112 | AW91: 0.074764 | AX91: 0.178069 | AY91: 0.240727 | AZ91: 0.10309278 | BA91: 0.110803 | BB91: 0.024412 | BC91: 0.091486 | BD91: 0.11471 | BE91: 0.051827 | BF91: 0.037705 | BG91: 0.021717 | BH91: 0.005512 | BI91: 0.063394 | BJ91: 0.0871 | BK91: 0.034897 | BL91: 0.025109 | BM91: 0.365 | BN91: 0.201 | BO91: 0.5791 | BP91: 0.379 | BQ91: 1.5241 | BR91: 0.3473 | BS91: 0.775 | BT91: 0.502 | BU91: 0.522 | BV91: 1.799 | BW91: 0.719 | BX91: 0.507 | BY91: 0.887 | BZ91: 1.394 | CA91: 0.763 | CB91: 0.796 | CC91: 0.571 | CD91: 0.348 | CE91: 0.707 | CF91: 0.772 | CG91: 3.194 | CH91: 0.841 | CI91: 7.9111 | CJ91: 0.7004 | CK91: 0 | CL91: 0 | CM91: 0 | CN91: 0 | CO91: 0 | CP91: 0 | CQ91: 0 | CR91: 0 | CS91: 0 | CT91: 0 | CU91: 0 | CV91: 0 | CW91: 0 | CX91: 0 | CY91: 0 | CZ91: 0 | DA91: 0 | DB91: 0 | DC91: 0 | DD91: (-94.7812713046921, 39.73989000566824) | DE91: 0.0011156461 | DF91: 0.14458476593199135
A92: 1400000US29021001800 | B92: 29 | C92: 021 | D92: 001800 | E92: 2.115 | F92: 29021 | G92: 29021001800 | H92: MO | I92: Missouri | J92: Buchanan County | K92: Census Tract 18, Buchanan County, Missouri | L92: 3506 | M92: 3192 | N92: 404 | O92: 1629 | P92: 1603 | Q92: 104 | R92: 1511 | S92: 858 | T92: 372 | U92: 113 | V92: 432 | W92: 17383 | X92: 2620 | Y92: 256 | Z92: 337 | AA92: 575 | AB92: 837 | AC92: 214 | AD92: 290 | AE92: 0 | AF92: 456 | AG92: 59 | AH92: 47 | AI92: 200 | AJ92: 66 | AK92: 9 | AL92: 115 | AM92: 117 | AN92: 70 | AO92: 0 | AP92: 0.269472 | AQ92: 0.111744 | AR92: 0.080255 | AS92: 0.306476 | AT92: 17383 | AU92: 2620 | AV92: 0.135235 | AW92: 0.176847 | AX92: 0.164004 | AY92: 0.238733 | AZ92: 0.14162806 | BA92: 0.082715 | BB92: 0 | BC92: 0.157404 | BD92: 0.036805 | BE92: 0.029222 | BF92: 0.124766 | BG92: 0.040369 | BH92: 0.006833 | BI92: 0.087316 | BJ92: 0.088838 | BK92: 0.052179 | BL92: 0 | BM92: 0.853 | BN92: 0.612 | BO92: 0.7603 | BP92: 0.501 | BQ92: 2.7263 | BR92: 0.7314 | BS92: 0.699 | BT92: 0.484 | BU92: 0.766 | BV92: 1.949 | BW92: 0.83 | BX92: 0.407 | BY92: 0 | BZ92: 0.407 | CA92: 0.166 | CB92: 0.592 | CC92: 0.768 | CD92: 0.387 | CE92: 0.713 | CF92: 0 | CG92: 2.46 | CH92: 0.543 | CI92: 7.5423 | CJ92: 0.6419 | CK92: 0 | CL92: 0 | CM92: 0 | CN92: 0 | CO92: 0 | CP92: 0 | CQ92: 0 | CR92: 0 | CS92: 0 | CT92: 0 | CU92: 0 | CV92: 0 | CW92: 0 | CX92: 0 | CY92: 0 | CZ92: 0 | DA92: 0 | DB92: 0 | DC92: 0 | DD92: (-94.818019748324, 39.738665127058866) | DE92: 0.00057580272 | DF92: 0.10584091187822472
A93: 1400000US29021002100 | B93: 29 | C93: 021 | D93: 002100 | E93: 2.378 | F93: 29021 | G93: 29021002100 | H93: MO | I93: Missouri | J93: Buchanan County | K93: Census Tract 21, Buchanan County, Missouri | L93: 2471 | M93: 2381 | N93: 262 | O93: 1023 | P93: 1060 | Q93: 77 | R93: 886 | S93: 343 | T93: 189 | U93: 151 | V93: 435 | W93: 19496 | X93: 2908 | Y93: 310 | Z93: 281 | AA93: 269 | AB93: 653 | AC93: 148 | AD93: 369 | AE93: 35 | AF93: 413 | AG93: 0 | AH93: 197 | AI93: 49 | AJ93: 35 | AK93: 4 | AL93: 114 | AM93: 8 | AN93: 115 | AO93: 0 | AP93: 0.147972 | AQ93: 0.080058 | AR93: 0.106188 | AS93: 0.304972 | AT93: 19496 | AU93: 2908 | AV93: 0.189139 | AW93: 0.170461 | AX93: 0.108862 | AY93: 0.264265 | AZ93: 0.16704288 | BA93: 0.149332 | BB93: 0.015323 | BC93: 0.180814 | BD93: 0 | BE93: 0.185849 | BF93: 0.046226 | BG93: 0.032847 | BH93: 0.004419 | BI93: 0.125966 | BJ93: 0.008839 | BK93: 0.127068 | BL93: 0 | BM93: 0.573 | BN93: 0.768 | BO93: 0.6455 | BP93: 0.723 | BQ93: 2.7095 | BR93: 0.7264 | BS93: 0.264 | BT93: 0.741 | BU93: 0.84 | BV93: 1.845 | BW93: 0.764 | BX93: 0.623 | BY93: 0.815 | BZ93: 1.438 | CA93: 0.786 | CB93: 0 | CC93: 0.597 | CD93: 0.318 | CE93: 0.073 | CF93: 0 | CG93: 0.988 | CH93: 0.076 | CI93: 6.9805 | CJ93: 0.5422 | CK93: 0 | CL93: 0 | CM93: 0 | CN93: 0 | CO93: 0 | CP93: 0 | CQ93: 0 | CR93: 0 | CS93: 0 | CT93: 0 | CU93: 0 | CV93: 0 | CW93: 0 | CX93: 0 | CY93: 0 | CZ93: 0 | DA93: 0 | DB93: 0 | DC93: 0 | DD93: (-94.84040550268233, 39.72603037338724) | DE93: 0.00064797964 | DF93: 0.13155653086915584
A94: 1400000US29021002200 | B94: 29 | C94: 021 | D94: 002200 | E94: 5.624 | F94: 29021 | G94: 29021002200 | H94: MO | I94: Missouri | J94: Buchanan County | K94: Census Tract 22, Buchanan County, Missouri | L94: 1919 | M94: 1767 | N94: 124 | O94: 742 | P94: 738 | Q94: 28 | R94: 712 | S94: 20 | T94: 116 | U94: 34 | V94: 485 | W94: 36251 | X94: 6731 | Y94: 96 | Z94: 326 | AA94: 276 | AB94: 440 | AC94: 48 | AD94: 144 | AE94: 0 | AF94: 456 | AG94: 0 | AH94: 197 | AI94: 100 | AJ94: 61 | AK94: 0 | AL94: 161 | AM94: 29 | AN94: 27 | AO94: 0 | AP94: 0.011318 | AQ94: 0.065643 | AR94: 0.034871 | AS94: 0.497371 | AT94: 36251 | AU94: 6731 | AV94: 0.076984 | AW94: 0.261355 | AX94: 0.143824 | AY94: 0.229286 | AZ94: 0.06741573 | BA94: 0.075039 | BB94: 0 | BC94: 0.270783 | BD94: 0 | BE94: 0.266937 | BF94: 0.135501 | BG94: 0.082495 | BH94: 0 | BI94: 0.22708 | BJ94: 0.040902 | BK94: 0.03798 | BL94: 0 | BM94: 0.024 | BN94: 0.13 | BO94: 0.1004 | BP94: 0.233 | BQ94: 0.4874 | BR94: 0.0628 | BS94: 0.53 | BT94: 0.377 | BU94: 0.192 | BV94: 1.099 | BW94: 0.164 | BX94: 0.378 | BY94: 0 | BZ94: 0.378 | CA94: 0.153 | CB94: 0 | CC94: 0.788 | CD94: 0 | CE94: 0.397 | CF94: 0 | CG94: 1.185 | CH94: 0.107 | CI94: 3.1494 | CJ94: 0.0267 | CK94: 0 | CL94: 0 | CM94: 0 | CN94: 0 | CO94: 0 | CP94: 0 | CQ94: 0 | CR94: 0 | CS94: 0 | CT94: 0 | CU94: 0 | CV94: 0 | CW94: 0 | CX94: 0 | CY94: 0 | CZ94: 0 | DA94: 0 | DB94: 0 | DC94: 0 | DD94: (-94.79528457229159, 39.71550813058729) | DE94: 0.0015394234 | DF94: 0.21244781492339826
A95: 1400000US29021002300 | B95: 29 | C95: 021 | D95: 002300 | E95: 2.217 | F95: 29021 | G95: 29021002300 | H95: MO | I95: Missouri | J95: Buchanan County | K95: Census Tract 23, Buchanan County, Missouri | L95: 2344 | M95: 2622 | N95: 227 | O95: 971 | P95: 1003 | Q95: 32 | R95: 885 | S95: 263 | T95: 172 | U95: 119 | V95: 433 | W95: 18423 | X95: 2160 | Y95: 187 | Z95: 313 | AA95: 307 | AB95: 582 | AC95: 108 | AD95: 240 | AE95: 0 | AF95: 456 | AG95: 0 | AH95: 197 | AI95: 10 | AJ95: 18 | AK95: 32 | AL95: 118 | AM95: 58 | AN95: 55 | AO95: 0 | AP95: 0.103421 | AQ95: 0.067193 | AR95: 0.086861 | AS95: 0.315801 | AT95: 18423 | AU95: 2160 | AV95: 0.115861 | AW95: 0.193727 | AX95: 0.130972 | AY95: 0.248293 | AZ95: 0.12203389 | BA95: 0.102389 | BB95: 0 | BC95: 0.182108 | BD95: 0 | BE95: 0.19641 | BF95: 0.00997 | BG95: 0.017943 | BH95: 0.034934 | BI95: 0.12879 | BJ95: 0.063318 | BK95: 0.059825 | BL95: 0 | BM95: 0.383 | BN95: 0.658 | BO95: 0.7126 | BP95: 0.408 | BQ95: 2.1616 | BR95: 0.5502 | BS95: 0.427 | BT95: 0.577 | BU95: 0.679 | BV95: 1.683 | BW95: 0.629 | BX95: 0.478 | BY95: 0 | BZ95: 0.478 | CA95: 0.198 | CB95: 0 | CC95: 0.458 | CD95: 0.861 | CE95: 0.587 | CF95: 0 | CG95: 1.906 | CH95: 0.307 | CI95: 6.2286 | CJ95: 0.413 | CK95: 0 | CL95: 0 | CM95: 0 | CN95: 0 | CO95: 0 | CP95: 0 | CQ95: 0 | CR95: 0 | CS95: 0 | CT95: 0 | CU95: 0 | CV95: 0 | CW95: 0 | CX95: 0 | CY95: 0 | CZ95: 0 | DA95: 0 | DB95: 0 | DC95: 0 | DD95: (-94.84713509665231, 39.706993187252316) | DE95: 0.00060222479 | DF95: 0.10633867491853866
A96: 1400000US29021002500 | B96: 29 | C96: 021 | D96: 002500 | E96: 1.329 | F96: 29021 | G96: 29021002500 | H96: MO | I96: Missouri | J96: Buchanan County | K96: Census Tract 25, Buchanan County, Missouri | L96: 2305 | M96: 2028 | N96: 392 | O96: 1021 | P96: 1092 | Q96: 36 | R96: 914 | S96: 276 | T96: 111 | U96: 93 | V96: 445 | W96: 15906 | X96: 2402 | Y96: 286 | Z96: 248 | AA96: 318 | AB96: 574 | AC96: 138 | AD96: 189 | AE96: 0 | AF96: 456 | AG96: 0 | AH96: 197 | AI96: 119 | AJ96: 66 | AK96: 45 | AL96: 124 | AM96: 38 | AN96: 32 | AO96: 15 | AP96: 0.137587 | AQ96: 0.049346 | AR96: 0.085086 | AS96: 0.40687 | AT96: 15906 | AU96: 2402 | AV96: 0.202693 | AW96: 0.173913 | AX96: 0.13796 | AY96: 0.249023 | AZ96: 0.15098468 | BA96: 0.081995 | BB96: 0 | BC96: 0.233966 | BD96: 0 | BE96: 0.180402 | BF96: 0.108974 | BG96: 0.060332 | BH96: 0.051194 | BI96: 0.140941 | BJ96: 0.04323 | BK96: 0.03605 | BL96: 0.006507 | BM96: 0.53 | BN96: 0.649 | BO96: 0.8433 | BP96: 0.757 | BQ96: 2.7793 | BR96: 0.743 | BS96: 0.482 | BT96: 0.587 | BU96: 0.798 | BV96: 1.867 | BW96: 0.777 | BX96: 0.404 | BY96: 0 | BZ96: 0.404 | CA96: 0.164 | CB96: 0 | CC96: 0.738 | CD96: 0.94 | CE96: 0.425 | CF96: 0.535 | CG96: 2.638 | CH96: 0.617 | CI96: 7.6883 | CJ96: 0.6679 | CK96: 0 | CL96: 0 | CM96: 0 | CN96: 0 | CO96: 0 | CP96: 0 | CQ96: 0 | CR96: 0 | CS96: 0 | CT96: 0 | CU96: 0 | CV96: 0 | CW96: 0 | CX96: 0 | CY96: 1 | CZ96: 0 | DA96: 0 | DB96: 1 | DC96: 1 | DD96: (-94.8756825675682, 39.704858055025014) | DE96: 0.00036216032 | DF96: 0.077847706
A97: 1400000US29021002700 | B97: 29 | C97: 021 | D97: 002700 | E97: 135.24 | F97: 29021 | G97: 29021002700 | H97: MO | I97: Missouri | J97: Buchanan County | K97: Census Tract 27, Buchanan County, Missouri | L97: 3327 | M97: 3104 | N97: 292 | O97: 1449 | P97: 1257 | Q97: 104 | R97: 1322 | S97: 370 | T97: 207 | U97: 38 | V97: 457 | W97: 24294 | X97: 2753 | Y97: 172 | Z97: 264 | AA97: 551 | AB97: 825 | AC97: 136 | AD97: 251 | AE97: 0 | AF97: 456 | AG97: 80 | AH97: 61 | AI97: 55 | AJ97: 32 | AK97: 7 | AL97: 115 | AM97: 46 | AN97: 48 | AO97: 27 | AP97: 0.119201 | AQ97: 0.065738 | AR97: 0.025832 | AS97: 0.310657 | AT97: 24294 | AU97: 2753 | AV97: 0.083292 | AW97: 0.127493 | AX97: 0.165614 | AY97: 0.247971 | AZ97: 0.10287443 | BA97: 0.075443 | BB97: 0 | BC97: 0.157676 | BD97: 0.063643 | BE97: 0.048241 | BF97: 0.043754 | BG97: 0.025198 | BH97: 0.006255 | BI97: 0.102768 | BJ97: 0.041108 | BK97: 0.042686 | BL97: 0.008115 | BM97: 0.451 | BN97: 0.056 | BO97: 0.3805 | BP97: 0.26 | BQ97: 1.1475 | BR97: 0.2383 | BS97: 0.706 | BT97: 0.574 | BU97: 0.517 | BV97: 1.797 | BW97: 0.715 | BX97: 0.38 | BY97: 0 | BZ97: 0.38 | CA97: 0.154 | CB97: 0.693 | CC97: 0.589 | CD97: 0.366 | CE97: 0.4 | CF97: 0.552 | CG97: 2.6 | CH97: 0.602 | CI97: 5.9245 | CJ97: 0.3596 | CK97: 0 | CL97: 0 | CM97: 0 | CN97: 0 | CO97: 0 | CP97: 0 | CQ97: 0 | CR97: 0 | CS97: 0 | CT97: 0 | CU97: 0 | CV97: 0 | CW97: 0 | CX97: 0 | CY97: 0 | CZ97: 0 | DA97: 0 | DB97: 0 | DC97: 0 | DD97: (-94.67051080449133, 39.69374811178089) | DE97: 0.037209587206213354 | DF97: 0.9997829558957518
A98: 1400000US29021002800 | B98: 29 | C98: 021 | D98: 002800 | E98: 107.598 | F98: 29021 | G98: 29021002800 | H98: MO | I98: Missouri | J98: Buchanan County | K98: Census Tract 28, Buchanan County, Missouri | L98: 4854 | M98: 4763 | N98: 338 | O98: 1962 | P98: 1844 | Q98: 110 | R98: 1839 | S98: 176 | T98: 77 | U98: 73 | V98: 429 | W98: 24352 | X98: 2226 | Y98: 323 | Z98: 184 | AA98: 694 | AB98: 1121 | AC98: 121 | AD98: 208 | AE98: 0 | AF98: 456 | AG98: 0 | AH98: 197 | AI98: 101 | AJ98: 50 | AK98: 21 | AL98: 117 | AM98: 15 | AN98: 116 | AO98: 0 | AP98: 0.03713 | AQ98: 0.016032 | AR98: 0.030698 | AS98: 0.180375 | AT98: 24352 | AU98: 2226 | AV98: 0.100217 | AW98: 0.056643 | AX98: 0.142974 | AY98: 0.230943 | AZ98: 0.06579662 | BA98: 0.042851 | BB98: 0 | BC98: 0.101513 | BD98: 0 | BE98: 0.106832 | BF98: 0.054772 | BG98: 0.026917 | BH98: 0.012006 | BI98: 0.06689 | BJ98: 0.008576 | BK98: 0.066321 | BL98: 0 | BM98: 0.112 | BN98: 0.092 | BO98: 0.3769 | BP98: 0.339 | BQ98: 0.9199 | BR98: 0.1848 | BS98: 0.525 | BT98: 0.396 | BU98: 0.178 | BV98: 1.099 | BW98: 0.164 | BX98: 0.194 | BY98: 0 | BZ98: 0.194 | CA98: 0.088 | CB98: 0 | CC98: 0.618 | CD98: 0.529 | CE98: 0.068 | CF98: 0 | CG98: 1.215 | CH98: 0.114 | CI98: 3.4279 | CJ98: 0.0383 | CK98: 0 | CL98: 0 | CM98: 0 | CN98: 0 | CO98: 0 | CP98: 0 | CQ98: 0 | CR98: 0 | CS98: 0 | CT98: 0 | CU98: 0 | CV98: 0 | CW98: 0 | CX98: 0 | CY98: 0 | CZ98: 0 | DA98: 0 | DB98: 0 | DC98: 0 | DD98: (-94.79261422033827, 39.61426823738173) | DE98: 0.029459688937060913 | DF98: 0.8797109098638924
A99: 1400000US29023950300 | B99: 29 | C99: 023 | D99: 950300 | E99: 5.378 | F99: 29023 | G99: 29023950300 | H99: MO | I99: Missouri | J99: Butler County | K99: Census Tract 9503, Butler County, Missouri | L99: 7046 | M99: 7406 | N99: 531 | O99: 3245 | P99: 3225 | Q99: 164 | R99: 2962 | S99: 1188 | T99: 376 | U99: 158 | V99: 424 | W99: 24234 | X99: 2615 | Y99: 966 | Z99: 313 | AA99: 1619 | AB99: 1569 | AC99: 355 | AD99: 959 | AE99: 44 | AF99: 450 | AG99: 184 | AH99: 95 | AI99: 128 | AJ99: 87 | AK99: 0 | AL99: 161 | AM99: 305 | AN99: 131 | AO99: 340 | AP99: 0.171651 | AQ99: 0.052939 | AR99: 0.051165 | AS99: 0.137159 | AT99: 24234 | AU99: 2615 | AV99: 0.186019 | AW99: 0.058674 | AX99: 0.229775 | AY99: 0.222679 | AZ99: 0.11985145 | BA99: 0.136105 | BB99: 0.006304 | BC99: 0.064477 | BD99: 0.057054 | BE99: 0.029314 | BF99: 0.039689 | BG99: 0.026901 | BH99: 0 | BI99: 0.051785 | BJ99: 0.098102 | BK99: 0.041742 | BL99: 0.048254 | BM99: 0.651 | BN99: 0.306 | BO99: 0.3834 | BP99: 0.709 | BQ99: 2.0494 | BR99: 0.517 | BS99: 0.948 | BT99: 0.325 | BU99: 0.67 | BV99: 1.943 | BW99: 0.829 | BX99: 0.579 | BY99: 0.61 | BZ99: 1.189 | CA99: 0.656 | CB99: 0.677 | CC99: 0.577 | CD99: 0 | CE99: 0.747 | CF99: 0.889 | CG99: 2.89 | CH99: 0.728 | CI99: 8.0714 | CJ99: 0.7264 | CK99: 0 | CL99: 0 | CM99: 0 | CN99: 0 | CO99: 0 | CP99: 1 | CQ99: 0 | CR99: 0 | CS99: 1 | CT99: 0 | CU99: 0 | CV99: 0 | CW99: 0 | CX99: 0 | CY99: 0 | CZ99: 0 | DA99: 0 | DB99: 0 | DC99: 1 | DD99: (-90.4213241863722, 36.77968090264464) | DE99: 0.0014036292 | DF99: 0.1711193393819375
A100: 1400000US29023950600 | B100: 29 | C100: 023 | D100: 950600 | E100: 181.261 | F100: 29023 | G100: 29023950600 | H100: MO | I100: Missouri | J100: Butler County | K100: Census Tract 9506, Butler County, Missouri | L100: 4287 | M100: 4310 | N100: 558 | O100: 1976 | P100: 2026 | Q100: 130 | R100: 1732 | S100: 818 | T100: 295 | U100: 115 | V100: 418 | W100: 18820 | X100: 2239 | Y100: 1127 | Z100: 241 | AA100: 779 | AB100: 992 | AC100: 184 | AD100: 187 | AE100: 0 | AF100: 456 | AG100: 9 | AH100: 162 | AI100: 488 | AJ100: 143 | AK100: 69 | AL100: 131 | AM100: 171 | AN100: 83 | AO100: 23 | AP100: 0.189791 | AQ100: 0.063882 | AR100: 0.059958 | AS100: 0.217685 | AT100: 18820 | AU100: 2239 | AV100: 0.348484 | AW100: 0.063429 | AX100: 0.181712 | AY100: 0.231397 | AZ100: 0.10623556 | BA100: 0.04362 | BB100: 0 | BC100: 0.110012 | BD100: 0.004442 | BE100: 0.07996 | BF100: 0.240868 | BG100: 0.068869 | BH100: 0.039428 | BI100: 0.074777 | BJ100: 0.097714 | BK100: 0.046652 | BL100: 0.005365 | BM100: 0.702 | BN100: 0.415 | BO100: 0.6823 | BP100: 0.976 | BQ100: 2.7753 | BR100: 0.7415 | BS100: 0.801 | BT100: 0.401 | BU100: 0.553 | BV100: 1.755 | BW100: 0.685 | BX100: 0.203 | BY100: 0 | BZ100: 0.203 | CA100: 0.092 | CB100: 0.309 | CC100: 0.94 | CD100: 0.89 | CE100: 0.746 | CF100: 0.518 | CG100: 3.403 | CH100: 0.917 | CI100: 8.1363 | CJ100: 0.7357 | CK100: 0 | CL100: 0 | CM100: 0 | CN100: 1 | CO100: 1 | CP100: 0 | CQ100: 0 | CR100: 0 | CS100: 0 | CT100: 0 | CU100: 0 | CV100: 0 | CW100: 0 | CX100: 1 | CY100: 0 | CZ100: 0 | DA100: 0 | DB100: 1 | DC100: 2 | DD100: (-90.25808102258424, 36.639468207855934) | DE100: 0.047604768 | DF100: 1.566654322549323
...

Sheet Jasper
A1: GEO_ID | B1: STATE_FIPS | C1: CNTY_FIPS | D1: TRACT | E1: CENSUSAREA | F1: STCOFIPS | G1: FIPS | H1: STATE_ABBR | I1: STATE_NAME | J1: COUNTY | K1: LOCATION | L1: TOTPOP | M1: E_TOTPOP | N1: M_TOTPOP | O1: HU | P1: E_HU | Q1: M_HU | R1: HH | S1: E_POV | T1: M_POV | U1: E_UNEMP | V1: M_UNEMP | W1: E_PCI | X1: M_PCI | Y1: E_NOHSDIP | Z1: M_NOHSDIP | AA1: AGE65 | AB1: AGE17 | AC1: SNGPRNT | AD1: MINORITY | AE1: E_LIMENG | AF1: M_LIMENG | AG1: E_MUNIT | AH1: M_MUNIT | AI1: E_MOBILE | AJ1: M_MOBILE | AK1: E_CROWD | AL1: M_CROWD | AM1: E_NOVEH | AN1: M_NOVEH | AO1: GROUPQ | AP1: E_P_POV | AQ1: M_P_POV | AR1: E_P_UNEMP | AS1: M_P_UNEMP | AT1: E_P_PCI | AU1: M_P_PCI | AV1: E_P_NOHSDIP | AW1: M_P_NOHSDIP | AX1: P_AGE65 | AY1: P_AGE17 | AZ1: P_SNGPRNT | BA1: P_MINORITY | BB1: E_P_LIMENG | BC1: M_P_LIMENG | BD1: E_P_MUNIT | BE1: M_P_MUNIT | BF1: E_P_MOBILE | BG1: M_P_MOBILE | BH1: E_P_CROWD | BI1: M_P_CROWD | BJ1: E_P_NOVEH | BK1: M_P_NOVEH | BL1: P_GROUPQ | BM1: E_PL_POV | BN1: E_PL_UNEMP | BO1: E_PL_PCI | BP1: E_PL_NOHSDIP | BQ1: S_PL_THEME1 | BR1: R_PL_THEME1 | BS1: PL_AGE65 | BT1: PL_AGE17 | BU1: PL_SNGPRNT | BV1: S_PL_THEME2 | BW1: R_PL_THEME2 | BX1: PL_MINORITY | BY1: E_PL_LIMENG | BZ1: S_PL_THEME3 | CA1: R_PL_THEME3 | CB1: E_PL_MUNIT | CC1: E_PL_MOBILE | CD1: E_PL_CROWD | CE1: E_PL_NOVEH | CF1: PL_GROUPQ | CG1: S_PL_THEME4 | CH1: R_PL_THEME4 | CI1: S_PL_THEMES | CJ1: R_PL_THEMES | CK1: F_PL_POV | CL1: F_PL_UNEMP | CM1: F_PL_PCI | CN1: F_PL_NOHSDIP | CO1: F_PL_THEME1 | CP1: F_PL_AGE65 | CQ1: F_PL_AGE17 | CR1: F_PL_SNGPRNT | CS1: F_PL_THEME2 | CT1: F_PL_MINORITY | CU1: F_PL_LIMENG | CV1: F_PL_THEME3 | CW1: F_PL_MUNIT | CX1: F_PL_MOBILE | CY1: F_PL_CROWD | CZ1: F_PL_NOVEH | DA1: F_PL_GROUPQ | DB1: F_PL_THEME4 | DC1: F_PL_TOTAL | DD1: Shape | DE1: Shape.STArea() | DF1: Shape.STLength()
A2: 1400000US29097010100 | B2: 29 | C2: 097 | D2: 010100 | E2: 2.632 | F2: 29097 | G2: 29097010100 | H2: MO | I2: Missouri | J2: Jasper County | K2: Census Tract 101, Jasper County, Missouri | L2: 3437 | M2: 3433 | N2: 404 | O2: 1617 | P2: 1535 | Q2: 85 | R2: 1400 | S2: 673 | T2: 217 | U2: 179 | V2: 353 | W2: 17114 | X2: 5338 | Y2: 537 | Z2: 216 | AA2: 437 | AB2: 624 | AC2: 184 | AD2: 685 | AE2: 0 | AF2: 456 | AG2: 208 | AH2: 129 | AI2: 0 | AJ2: 114 | AK2: 9 | AL2: 115 | AM2: 229 | AN2: 76 | AO2: 483 | AP2: 0.253102 | AQ2: 0.0772 | AR2: 0.11063 | AS2: 0.216957 | AT2: 17114 | AU2: 5338 | AV2: 0.263106 | AW2: 0.102031 | AX2: 0.127145 | AY2: 0.181553 | AZ2: 0.13142857 | BA2: 0.199301 | BB2: 0 | BC2: 0.136772 | BD2: 0.135504 | BE2: 0.083703 | BF2: 0 | BG2: 0.074267 | BH2: 0.006818 | BI2: 0.087119 | BJ2: 0.173484 | BK2: 0.055373 | BL2: 0.140529 | BM2: 0.83 | BN2: 0.79 | BO2: 0.7791 | BP2: 0.894 | BQ2: 3.2931 | BR2: 0.8773 | BS2: 0.397 | BT2: 0.124 | BU2: 0.722 | BV2: 1.243 | BW2: 0.261 | BX2: 0.71 | BY2: 0 | BZ2: 0.71 | CA2: 0.342 | CB2: 0.819 | CC2: 0 | CD2: 0.385 | CE2: 0.882 | CF2: 0.954 | CG2: 3.04 | CH2: 0.792 | CI2: 8.2861 | CJ2: 0.7588 | CK2: 0 | CL2: 0 | CM2: 0 | CN2: 0 | CO2: 0 | CP2: 0 | CQ2: 0 | CR2: 0 | CS2: 0 | CT2: 0 | CU2: 0 | CV2: 0 | CW2: 0 | CX2: 0 | CY2: 0 | CZ2: 0 | DA2: 1 | DB2: 1 | DC2: 1 | DD2: (-94.49649710682999, 37.093673534209934) | DE2: 0.00068838953 | DF2: 0.11503815072416505
A3: 1400000US29097010200 | B3: 29 | C3: 097 | D3: 010200 | E3: 3.645 | F3: 29097 | G3: 29097010200 | H3: MO | I3: Missouri | J3: Jasper County | K3: Census Tract 102, Jasper County, Missouri | L3: 4444 | M3: 3834 | N3: 350 | O3: 2003 | P3: 1862 | Q3: 111 | R3: 1847 | S3: 550 | T3: 188 | U3: 72 | V3: 458 | W3: 23677 | X3: 2215 | Y3: 371 | Z3: 253 | AA3: 694 | AB3: 982 | AC3: 176 | AD3: 531 | AE3: 17 | AF3: 442 | AG3: 0 | AH3: 197 | AI3: 72 | AJ3: 32 | AK3: 0 | AL3: 161 | AM3: 33 | AN3: 29 | AO3: 37 | AP3: 0.145118 | AQ3: 0.047967 | AR3: 0.036753 | AS3: 0.233749 | AT3: 23677 | AU3: 2215 | AV3: 0.137713 | AW3: 0.093179 | AX3: 0.156165 | AY3: 0.220972 | AZ3: 0.09528965 | BA3: 0.119486 | BB3: 0.004702 | BC3: 0.122267 | BD3: 0 | BE3: 0.1058 | BF3: 0.038668 | BG3: 0.01703 | BH3: 0 | BI3: 0.10113 | BJ3: 0.020728 | BK3: 0.018131 | BL3: 0.008325 | BM3: 0.564 | BN3: 0.153 | BO3: 0.4123 | BP3: 0.511 | BQ3: 1.6403 | BR3: 0.3848 | BS3: 0.636 | BT3: 0.307 | BU3: 0.451 | BV3: 1.394 | BW3: 0.385 | BX3: 0.535 | BY3: 0.546 | BZ3: 1.081 | CA3: 0.602 | CB3: 0 | CC3: 0.574 | CD3: 0 | CE3: 0.189 | CF3: 0.554 | CG3: 1.317 | CH3: 0.13 | CI3: 5.4323 | CJ3: 0.2708 | CK3: 0 | CL3: 0 | CM3: 0 | CN3: 0 | CO3: 0 | CP3: 0 | CQ3: 0 | CR3: 0 | CS3: 0 | CT3: 0 | CU3: 0 | CV3: 0 | CW3: 0 | CX3: 0 | CY3: 0 | CZ3: 0 | DA3: 0 | DB3: 0 | DC3: 0 | DD3: (-94.49055144527, 37.11454406926162) | DE3: 0.00096174716 | DF3: 0.15036226075769396
A4: 1400000US29097010300 | B4: 29 | C4: 097 | D4: 010300 | E4: 6.973 | F4: 29097 | G4: 29097010300 | H4: MO | I4: Missouri | J4: Jasper County | K4: Census Tract 103, Jasper County, Missouri | L4: 6746 | M4: 6803 | N4: 562 | O4: 2761 | P4: 2803 | Q4: 145 | R4: 2537 | S4: 1532 | T4: 587 | U4: 406 | V4: 324 | W4: 16716 | X4: 2022 | Y4: 432 | Z4: 268 | AA4: 830 | AB4: 1593 | AC4: 393 | AD4: 1081 | AE4: 94 | AF4: 432 | AG4: 467 | AH4: 177 | AI4: 202 | AJ4: 83 | AK4: 64 | AL4: 128 | AM4: 185 | AN4: 158 | AO4: 658 | AP4: 0.24858 | AQ4: 0.092469 | AR4: 0.118852 | AS4: 0.093677 | AT4: 16716 | AU4: 2022 | AV4: 0.119205 | AW4: 0.073404 | AX4: 0.123035 | AY4: 0.236139 | AZ4: 0.15490737 | BA4: 0.160243 | BB4: 0.015078 | BC4: 0.069285 | BD4: 0.166607 | BE4: 0.062555 | BF4: 0.072065 | BG4: 0.029375 | BH4: 0.025487 | BI4: 0.050945 | BJ4: 0.073675 | BK4: 0.062718 | BL4: 0.097539 | BM4: 0.825 | BN4: 0.819 | BO4: 0.8014 | BP4: 0.425 | BQ4: 2.8704 | BR4: 0.7726 | BS4: 0.363 | BT4: 0.452 | BU4: 0.81 | BV4: 1.625 | BW4: 0.584 | BX4: 0.648 | BY4: 0.812 | BZ4: 1.46 | CA4: 0.798 | CB4: 0.861 | CC4: 0.655 | CD4: 0.765 | CE4: 0.643 | CF4: 0.941 | CG4: 3.865 | CH4: 0.991 | CI4: 9.8204 | CJ4: 0.9365 | CK4: 0 | CL4: 0 | CM4: 0 | CN4: 0 | CO4: 0 | CP4: 0 | CQ4: 0 | CR4: 0 | CS4: 0 | CT4: 0 | CU4: 0 | CV4: 0 | CW4: 0 | CX4: 0 | CY4: 0 | CZ4: 0 | DA4: 1 | DB4: 1 | DC4: 1 | DD4: (-94.46323850081538, 37.12268078951391) | DE4: 0.0018308762 | DF4: 0.30152904218003307
A5: 1400000US29097010400 | B5: 29 | C5: 097 | D5: 010400 | E5: 6.811 | F5: 29097 | G5: 29097010400 | H5: MO | I5: Missouri | J5: Jasper County | K5: Census Tract 104, Jasper County, Missouri | L5: 4913 | M5: 4481 | N5: 335 | O5: 2362 | P5: 2165 | Q5: 113 | R5: 2167 | S5: 481 | T5: 194 | U5: 110 | V5: 327 | W5: 23359 | X5: 2816 | Y5: 366 | Z5: 253 | AA5: 1037 | AB5: 946 | AC5: 192 | AD5: 623 | AE5: 0 | AF5: 456 | AG5: 111 | AH5: 78 | AI5: 242 | AJ5: 78 | AK5: 3 | AL5: 114 | AM5: 131 | AN5: 77 | AO5: 160 | AP5: 0.107342 | AQ5: 0.042543 | AR5: 0.048954 | AS5: 0.145421 | AT5: 23359 | AU5: 2816 | AV5: 0.117458 | AW5: 0.080717 | AX5: 0.211072 | AY5: 0.19255 | AZ5: 0.08860175 | BA5: 0.126806 | BB5: 0 | BC5: 0.109457 | BD5: 0.05127 | BE5: 0.035928 | BF5: 0.111778 | BG5: 0.035552 | BH5: 0.00152 | BI5: 0.057779 | BJ5: 0.066396 | BK5: 0.038745 | BL5: 0.032566 | BM5: 0.403 | BN5: 0.284 | BO5: 0.4296 | BP5: 0.415 | BQ5: 1.5316 | BR5: 0.3502 | BS5: 0.911 | BT5: 0.161 | BU5: 0.391 | BV5: 1.463 | BW5: 0.448 | BX5: 0.554 | BY5: 0 | BZ5: 0.554 | CA5: 0.243 | CB5: 0.66 | CC5: 0.743 | CD5: 0.277 | CE5: 0.605 | CF5: 0.82 | CG5: 3.105 | CH5: 0.818 | CI5: 6.6536 | CJ5: 0.4845 | CK5: 0 | CL5: 0 | CM5: 0 | CN5: 0 | CO5: 0 | CP5: 1 | CQ5: 0 | CR5: 0 | CS5: 1 | CT5: 0 | CU5: 0 | CV5: 0 | CW5: 0 | CX5: 0 | CY5: 0 | CZ5: 0 | DA5: 0 | DB5: 0 | DC5: 1 | DD5: (-94.45233512805386, 37.07151411081392) | DE5: 0.0017941006 | DF5: 0.19161393761929324
A6: 1400000US29097010500 | B6: 29 | C6: 097 | D6: 010500 | E6: 1.834 | F6: 29097 | G6: 29097010500 | H6: MO | I6: Missouri | J6: Jasper County | K6: Census Tract 105, Jasper County, Missouri | L6: 5205 | M6: 5520 | N6: 487 | O6: 2494 | P6: 2559 | Q6: 117 | R6: 2334 | S6: 729 | T6: 294 | U6: 199 | V6: 440 | W6: 21771 | X6: 2471 | Y6: 429 | Z6: 346 | AA6: 928 | AB6: 1124 | AC6: 254 | AD6: 757 | AE6: 14 | AF6: 442 | AG6: 97 | AH6: 128 | AI6: 6 | AJ6: 11 | AK6: 53 | AL6: 127 | AM6: 112 | AN6: 85 | AO6: 0 | AP6: 0.133614 | AQ6: 0.052571 | AR6: 0.067297 | AS6: 0.148553 | AT6: 21771 | AU6: 2471 | AV6: 0.117469 | AW6: 0.094346 | AX6: 0.17829 | AY6: 0.215946 | AZ6: 0.10882604 | BA6: 0.145437 | BB6: 0.002766 | BC6: 0.087351 | BD6: 0.037905 | BE6: 0.049989 | BF6: 0.002344 | BG6: 0.004297 | BH6: 0.021712 | BI6: 0.052015 | BJ6: 0.045882 | BK6: 0.034742 | BL6: 0 | BM6: 0.511 | BN6: 0.492 | BO6: 0.5061 | BP6: 0.416 | BQ6: 1.9251 | BR6: 0.4686 | BS6: 0.776 | BT6: 0.276 | BU6: 0.574 | BV6: 1.626 | BW6: 0.584 | BX6: 0.607 | BY6: 0.433 | BZ6: 1.04 | CA6: 0.574 | CB6: 0.6 | CC6: 0.369 | CD6: 0.705 | CE6: 0.45 | CF6: 0 | CG6: 2.124 | CH6: 0.391 | CI6: 6.7151 | CJ6: 0.4939 | CK6: 0 | CL6: 0 | CM6: 0 | CN6: 0 | CO6: 0 | CP6: 0 | CQ6: 0 | CR6: 0 | CS6: 0 | CT6: 0 | CU6: 0 | CV6: 0 | CW6: 0 | CX6: 0 | CY6: 0 | CZ6: 0 | DA6: 0 | DB6: 0 | DC6: 0 | DD6: (-94.48611581829928, 37.069349298343504) | DE6: 0.00048089826 | DF6: 0.091656166
A7: 1400000US29097010600 | B7: 29 | C7: 097 | D7: 010600 | E7: 1.678 | F7: 29097 | G7: 29097010600 | H7: MO | I7: Missouri | J7: Jasper County | K7: Census Tract 106, Jasper County, Missouri | L7: 5990 | M7: 5845 | N7: 656 | O7: 2860 | P7: 2872 | Q7: 142 | R7: 2542 | S7: 1663 | T7: 431 | U7: 319 | V7: 410 | W7: 16315 | X7: 1817 | Y7: 601 | Z7: 313 | AA7: 642 | AB7: 1565 | AC7: 477 | AD7: 1027 | AE7: 42 | AF7: 428 | AG7: 202 | AH7: 130 | AI7: 0 | AJ7: 114 | AK7: 99 | AL7: 132 | AM7: 271 | AN7: 113 | AO7: 57 | AP7: 0.287915 | AQ7: 0.067072 | AR7: 0.102572 | AS7: 0.130933 | AT7: 16315 | AU7: 1817 | AV7: 0.186994 | AW7: 0.096033 | AX7: 0.107178 | AY7: 0.261268 | AZ7: 0.18764752 | BA7: 0.171452 | BB7: 0.008261 | BC7: 0.084179 | BD7: 0.070334 | BE7: 0.04513 | BF7: 0 | BG7: 0.039693 | BH7: 0.041422 | BI7: 0.055136 | BJ7: 0.113389 | BK7: 0.046458 | BL7: 0.009515 | BM7: 0.872 | BN7: 0.746 | BO7: 0.8224 | BP7: 0.715 | BQ7: 3.1554 | BR7: 0.8404 | BS7: 0.252 | BT7: 0.711 | BU7: 0.879 | BV7: 1.842 | BW7: 0.763 | BX7: 0.667 | BY7: 0.674 | BZ7: 1.341 | CA7: 0.731 | CB7: 0.715 | CC7: 0 | CD7: 0.898 | CE7: 0.791 | CF7: 0.568 | CG7: 2.972 | CH7: 0.762 | CI7: 9.3104 | CJ7: 0.8874 | CK7: 0 | CL7: 0 | CM7: 0 | CN7: 0 | CO7: 0 | CP7: 0 | CQ7: 0 | CR7: 0 | CS7: 0 | CT7: 0 | CU7: 0 | CV7: 0 | CW7: 0 | CX7: 0 | CY7: 0 | CZ7: 0 | DA7: 0 | DB7: 0 | DC7: 0 | DD7: (-94.5039447070564, 37.072750683073515) | DE7: 0.00044058923 | DF7: 0.088209429
A8: 1400000US29097010800 | B8: 29 | C8: 097 | D8: 010800 | E8: 0.983 | F8: 29097 | G8: 29097010800 | H8: MO | I8: Missouri | J8: Jasper County | K8: Census Tract 108, Jasper County, Missouri | L8: 4444 | M8: 4217 | N8: 392 | O8: 2147 | P8: 2122 | Q8: 107 | R8: 1838 | S8: 1342 | T8: 400 | U8: 161 | V8: 402 | W8: 13715 | X8: 1428 | Y8: 698 | Z8: 232 | AA8: 494 | AB8: 1037 | AC8: 275 | AD8: 657 | AE8: 17 | AF8: 427 | AG8: 0 | AH8: 197 | AI8: 32 | AJ8: 50 | AK8: 46 | AL8: 122 | AM8: 243 | AN8: 97 | AO8: 124 | AP8: 0.326282 | AQ8: 0.092742 | AR8: 0.078345 | AS8: 0.19532 | AT8: 13715 | AU8: 1428 | AV8: 0.253633 | AW8: 0.079009 | AX8: 0.111161 | AY8: 0.233348 | AZ8: 0.14961915 | BA8: 0.147839 | BB8: 0.004521 | BC8: 0.113563 | BD8: 0 | BE8: 0.092836 | BF8: 0.01508 | BG8: 0.02355 | BH8: 0.026195 | BI8: 0.069435 | BJ8: 0.138382 | BK8: 0.05378 | BL8: 0.027902 | BM8: 0.909 | BN8: 0.596 | BO8: 0.9184 | BP8: 0.877 | BQ8: 3.3004 | BR8: 0.8787 | BS8: 0.281 | BT8: 0.421 | BU8: 0.792 | BV8: 1.494 | BW8: 0.481 | BX8: 0.619 | BY8: 0.539 | BZ8: 1.158 | CA8: 0.639 | CB8: 0 | CC8: 0.489 | CD8: 0.772 | CE8: 0.843 | CF8: 0.794 | CG8: 2.898 | CH8: 0.732 | CI8: 8.8504 | CJ8: 0.8339 | CK8: 1 | CL8: 0 | CM8: 1 | CN8: 0 | CO8: 2 | CP8: 0 | CQ8: 0 | CR8: 0 | CS8: 0 | CT8: 0 | CU8: 0 | CV8: 0 | CW8: 0 | CX8: 0 | CY8: 0 | CZ8: 0 | DA8: 0 | DB8: 0 | DC8: 2 | DD8: (-94.52294008270151, 37.069717710129595) | DE8: 0.00025692244 | DF8: 0.064989439
A9: 1400000US29097010900 | B9: 29 | C9: 097 | D9: 010900 | E9: 9.43 | F9: 29097 | G9: 29097010900 | H9: MO | I9: Missouri | J9: Jasper County | K9: Census Tract 109, Jasper County, Missouri | L9: 6531 | M9: 6709 | N9: 606 | O9: 2865 | P9: 2823 | Q9: 116 | R9: 2643 | S9: 875 | T9: 384 | U9: 242 | V9: 389 | W9: 23854 | X9: 3149 | Y9: 996 | Z9: 374 | AA9: 925 | AB9: 1684 | AC9: 295 | AD9: 773 | AE9: 0 | AF9: 456 | AG9: 57 | AH9: 175 | AI9: 72 | AJ9: 69 | AK9: 18 | AL9: 115 | AM9: 142 | AN9: 77 | AO9: 142 | AP9: 0.134781 | AQ9: 0.057845 | AR9: 0.075131 | AS9: 0.120325 | AT9: 23854 | AU9: 3149 | AV9: 0.227865 | AW9: 0.083595 | AX9: 0.141632 | AY9: 0.257847 | AZ9: 0.11161558 | BA9: 0.118358 | BB9: 0 | BC9: 0.073041 | BD9: 0.020191 | BE9: 0.061985 | BF9: 0.025504 | BG9: 0.024419 | BH9: 0.006925 | BI9: 0.044245 | BJ9: 0.054636 | BK9: 0.029402 | BL9: 0.021742 | BM9: 0.516 | BN9: 0.561 | BO9: 0.4014 | BP9: 0.823 | BQ9: 2.3014 | BR9: 0.6043 | BS9: 0.51 | BT9: 0.684 | BU9: 0.599 | BV9: 1.793 | BW9: 0.712 | BX9: 0.533 | BY9: 0 | BZ9: 0.533 | CA9: 0.23 | CB9: 0.464 | CC9: 0.533 | CD9: 0.39 | CE9: 0.526 | CF9: 0.733 | CG9: 2.646 | CH9: 0.62 | CI9: 7.2734 | CJ9: 0.6029 | CK9: 0 | CL9: 0 | CM9: 0 | CN9: 0 | CO9: 0 | CP9: 0 | CQ9: 0 | CR9: 0 | CS9: 0 | CT9: 0 | CU9: 0 | CV9: 0 | CW9: 0 | CX9: 0 | CY9: 0 | CZ9: 0 | DA9: 0 | DB9: 0 | DC9: 0 | DD9: (-94.57416733588903, 37.07048048305646) | DE9: 0.0024792871 | DF9: 0.22533818623411014
A10: 1400000US29097011000 | B10: 29 | C10: 097 | D10: 011000 | E10: 1.163 | F10: 29097 | G10: 29097011000 | H10: MO | I10: Missouri | J10: Jasper County | K10: Census Tract 110, Jasper County, Missouri | L10: 3979 | M10: 3996 | N10: 559 | O10: 2220 | P10: 2314 | Q10: 88 | R10: 1726 | S10: 1585 | T10: 501 | U10: 428 | V10: 355 | W10: 14860 | X10: 2938 | Y10: 612 | Z10: 252 | AA10: 370 | AB10: 894 | AC10: 211 | AD10: 620 | AE10: 47 | AF10: 413 | AG10: 294 | AH10: 99 | AI10: 56 | AJ10: 53 | AK10: 140 | AL10: 150 | AM10: 467 | AN10: 123 | AO10: 52 | AP10: 0.408189 | AQ10: 0.116273 | AR10: 0.209188 | AS10: 0.170095 | AT10: 14860 | AU10: 2938 | AV10: 0.241229 | AW10: 0.095642 | AX10: 0.092988 | AY10: 0.224679 | AZ10: 0.12224797 | BA10: 0.155818 | BB10: 0.013165 | BC10: 0.115675 | BD10: 0.127052 | BE10: 0.042509 | BF10: 0.0242 | BG10: 0.022885 | BH10: 0.079275 | BI10: 0.084618 | BJ10: 0.264439 | BK10: 0.065176 | BL10: 0.013068 | BM10: 0.957 | BN10: 0.958 | BO10: 0.8816 | BP10: 0.85 | BQ10: 3.6466 | BR10: 0.948 | BS10: 0.174 | BT10: 0.338 | BU10: 0.68 | BV10: 1.192 | BW10: 0.223 | BX10: 0.642 | BY10: 0.787 | BZ10: 1.429 | CA10: 0.779 | CB10: 0.81 | CC10: 0.53 | CD10: 0.987 | CE10: 0.951 | CF10: 0.622 | CG10: 3.9 | CH10: 0.993 | CI10: 10.1676 | CJ10: 0.9581 | CK10: 1 | CL10: 1 | CM10: 0 | CN10: 0 | CO10: 2 | CP10: 0 | CQ10: 0 | CR10: 0 | CS10: 0 | CT10: 0 | CU10: 0 | CV10: 0 | CW10: 0 | CX10: 0 | CY10: 1 | CZ10: 1 | DA10: 0 | DB10: 2 | DC10: 4 | DD10: (-94.52230590187148, 37.08566271136961) | DE10: 0.00030513399 | DF10: 0.070871647
A11: 1400000US29097011100 | B11: 29 | C11: 097 | D11: 011100 | E11: 2.152 | F11: 29097 | G11: 29097011100 | H11: MO | I11: Missouri | J11: Jasper County | K11: Census Tract 111, Jasper County, Missouri | L11: 1760 | M11: 2165 | N11: 285 | O11: 786 | P11: 811 | Q11: 43 | R11: 697 | S11: 119 | T11: 99 | U11: 49 | V11: 428 | W11: 39668 | X11: 14900 | Y11: 65 | Z11: 381 | AA11: 216 | AB11: 466 | AC11: 84 | AD11: 140 | AE11: 15 | AF11: 442 | AG11: 0 | AH11: 197 | AI11: 9 | AJ11: 18 | AK11: 5 | AL11: 115 | AM11: 27 | AN11: 119 | AO11: 0 | AP11: 0.055894 | AQ11: 0.046012 | AR11: 0.047388 | AS11: 0.413771 | AT11: 39668 | AU11: 14900 | AV11: 0.049242 | AW11: 0.288583 | AX11: 0.122727 | AY11: 0.264772 | AZ11: 0.12051649 | BA11: 0.079545 | BB11: 0.007739 | BC11: 0.228068 | BD11: 0 | BE11: 0.242909 | BF11: 0.011097 | BG11: 0.022187 | BH11: 0.006459 | BI11: 0.148577 | BJ11: 0.034883 | BK11: 0.153718 | BL11: 0 | BM11: 0.193 | BN11: 0.269 | BO11: 0.0671 | BP11: 0.127 | BQ11: 0.6561 | BR11: 0.1141 | BS11: 0.361 | BT11: 0.75 | BU11: 0.674 | BV11: 1.785 | BW11: 0.71 | BX11: 0.399 | BY11: 0.658 | BZ11: 1.057 | CA11: 0.588 | CB11: 0 | CC11: 0.465 | CD11: 0.373 | CE11: 0.333 | CF11: 0 | CG11: 1.171 | CH11: 0.104 | CI11: 4.6691 | CJ11: 0.1538 | CK11: 0 | CL11: 0 | CM11: 0 | CN11: 0 | CO11: 0 | CP11: 0 | CQ11: 0 | CR11: 0 | CS11: 0 | CT11: 0 | CU11: 0 | CV11: 0 | CW11: 0 | CX11: 0 | CY11: 0 | CZ11: 0 | DA11: 0 | DB11: 0 | DC11: 0 | DD11: (-94.52987680991627, 37.102999966233206) | DE11: 0.00056425701 | DF11: 0.10467496018655338
A12: 1400000US29097011200 | B12: 29 | C12: 097 | D12: 011200 | E12: 24.199 | F12: 29097 | G12: 29097011200 | H12: MO | I12: Missouri | J12: Jasper County | K12: Census Tract 112, Jasper County, Missouri | L12: 6642 | M12: 6187 | N12: 516 | O12: 2776 | P12: 2902 | Q12: 137 | R12: 2533 | S12: 992 | T12: 406 | U12: 542 | V12: 447 | W12: 20483 | X12: 2088 | Y12: 724 | Z12: 292 | AA12: 765 | AB12: 1712 | AC12: 277 | AD12: 683 | AE12: 6 | AF12: 442 | AG12: 36 | AH12: 119 | AI12: 603 | AJ12: 175 | AK12: 54 | AL12: 121 | AM12: 54 | AN12: 44 | AO12: 0 | AP12: 0.163023 | AQ12: 0.065422 | AR12: 0.159599 | AS12: 0.130309 | AT12: 20483 | AU12: 2088 | AV12: 0.168215 | AW12: 0.06689 | AX12: 0.115176 | AY12: 0.257753 | AZ12: 0.10935649 | BA12: 0.10283 | BB12: 0.001034 | BC12: 0.076206 | BD12: 0.012405 | BE12: 0.041002 | BF12: 0.207787 | BG12: 0.0595 | BH12: 0.021617 | BI12: 0.048418 | BJ12: 0.021617 | BK12: 0.017559 | BL12: 0 | BM12: 0.619 | BN12: 0.911 | BO12: 0.5827 | BP12: 0.648 | BQ12: 2.7607 | BR12: 0.7379 | BS12: 0.31 | BT12: 0.682 | BU12: 0.582 | BV12: 1.574 | BW12: 0.543 | BX12: 0.481 | BY12: 0.333 | BZ12: 0.814 | CA12: 0.407 | CB12: 0.404 | CC12: 0.907 | CD12: 0.703 | CE12: 0.198 | CF12: 0 | CG12: 2.212 | CH12: 0.421 | CI12: 7.3607 | CJ12: 0.6202 | CK12: 0 | CL12: 1 | CM12: 0 | CN12: 0 | CO12: 1 | CP12: 0 | CQ12: 0 | CR12: 0 | CS12: 0 | CT12: 0 | CU12: 0 | CV12: 0 | CW12: 0 | CX12: 1 | CY12: 0 | CZ12: 0 | DA12: 0 | DB12: 1 | DC12: 2 | DD12: (-94.56926210970126, 37.12075329684371) | DE12: 0.0063744166 | DF12: 0.4628829801530879
A13: 1400000US29097011400 | B13: 29 | C13: 097 | D13: 011400 | E13: 6.132 | F13: 29097 | G13: 29097011400 | H13: MO | I13: Missouri | J13: Jasper County | K13: Census Tract 114, Jasper County, Missouri | L13: 5701 | M13: 5716 | N13: 427 | O13: 2417 | P13: 2591 | Q13: 160 | R13: 2155 | S13: 987 | T13: 371 | U13: 167 | V13: 440 | W13: 16651 | X13: 2089 | Y13: 509 | Z13: 288 | AA13: 684 | AB13: 1568 | AC13: 274 | AD13: 548 | AE13: 18 | AF13: 442 | AG13: 15 | AH13: 163 | AI13: 29 | AJ13: 34 | AK13: 0 | AL13: 161 | AM13: 280 | AN13: 137 | AO13: 115 | AP13: 0.184382 | AQ13: 0.067951 | AR13: 0.065851 | AS13: 0.173287 | AT13: 16651 | AU13: 2089 | AV13: 0.137122 | AW13: 0.076795 | AX13: 0.119978 | AY13: 0.275039 | AZ13: 0.12714617 | BA13: 0.096123 | BB13: 0.003329 | BC13: 0.08176 | BD13: 0.005789 | BE13: 0.062909 | BF13: 0.011192 | BG13: 0.013104 | BH13: 0 | BI13: 0.067505 | BJ13: 0.1174 | BK13: 0.056865 | BL13: 0.020171 | BM13: 0.685 | BN13: 0.477 | BO13: 0.8043 | BP13: 0.508 | BQ13: 2.4743 | BR13: 0.6585 | BS13: 0.346 | BT13: 0.82 | BU13: 0.705 | BV13: 1.871 | BW13: 0.782 | BX13: 0.455 | BY13: 0.471 | BZ13: 0.926 | CA13: 0.489 | CB13: 0.332 | CC13: 0.467 | CD13: 0 | CE13: 0.8 | CF13: 0.713 | CG13: 2.312 | CH13: 0.459 | CI13: 7.5833 | CJ13: 0.6498 | CK13: 0 | CL13: 0 | CM13: 0 | CN13: 0 | CO13: 0 | CP13: 0 | CQ13: 0 | CR13: 0 | CS13: 0 | CT13: 0 | CU13: 0 | CV13: 0 | CW13: 0 | CX13: 0 | CY13: 0 | CZ13: 0 | DA13: 0 | DB13: 0 | DC13: 0 | DD13: (-94.48304615632642, 37.160021701546185) | DE13: 0.0016095703 | DF13: 0.18302664267726593

Sheet Newton
A1: GEO_ID | B1: STATE_FIPS | C1: CNTY_FIPS | D1: TRACT | E1: CENSUSAREA | F1: STCOFIPS | G1: FIPS | H1: STATE_ABBR | I1: STATE_NAME | J1: COUNTY | K1: LOCATION | L1: TOTPOP | M1: E_TOTPOP | N1: M_TOTPOP | O1: HU | P1: E_HU | Q1: M_HU | R1: HH | S1: E_POV | T1: M_POV | U1: E_UNEMP | V1: M_UNEMP | W1: E_PCI | X1: M_PCI | Y1: E_NOHSDIP | Z1: M_NOHSDIP | AA1: AGE65 | AB1: AGE17 | AC1: SNGPRNT | AD1: MINORITY | AE1: E_LIMENG | AF1: M_LIMENG | AG1: E_MUNIT | AH1: M_MUNIT | AI1: E_MOBILE | AJ1: M_MOBILE | AK1: E_CROWD | AL1: M_CROWD | AM1: E_NOVEH | AN1: M_NOVEH | AO1: GROUPQ | AP1: E_P_POV | AQ1: M_P_POV | AR1: E_P_UNEMP | AS1: M_P_UNEMP | AT1: E_P_PCI | AU1: M_P_PCI | AV1: E_P_NOHSDIP | AW1: M_P_NOHSDIP | AX1: P_AGE65 | AY1: P_AGE17 | AZ1: P_SNGPRNT | BA1: P_MINORITY | BB1: E_P_LIMENG | BC1: M_P_LIMENG | BD1: E_P_MUNIT | BE1: M_P_MUNIT | BF1: E_P_MOBILE | BG1: M_P_MOBILE | BH1: E_P_CROWD | BI1: M_P_CROWD | BJ1: E_P_NOVEH | BK1: M_P_NOVEH | BL1: P_GROUPQ | BM1: E_PL_POV | BN1: E_PL_UNEMP | BO1: E_PL_PCI | BP1: E_PL_NOHSDIP | BQ1: S_PL_THEME1 | BR1: R_PL_THEME1 | BS1: PL_AGE65 | BT1: PL_AGE17 | BU1: PL_SNGPRNT | BV1: S_PL_THEME2 | BW1: R_PL_THEME2 | BX1: PL_MINORITY | BY1: E_PL_LIMENG | BZ1: S_PL_THEME3 | CA1: R_PL_THEME3 | CB1: E_PL_MUNIT | CC1: E_PL_MOBILE | CD1: E_PL_CROWD | CE1: E_PL_NOVEH | CF1: PL_GROUPQ | CG1: S_PL_THEME4 | CH1: R_PL_THEME4 | CI1: S_PL_THEMES | CJ1: R_PL_THEMES | CK1: F_PL_POV | CL1: F_PL_UNEMP | CM1: F_PL_PCI | CN1: F_PL_NOHSDIP | CO1: F_PL_THEME1 | CP1: F_PL_AGE65 | CQ1: F_PL_AGE17 | CR1: F_PL_SNGPRNT | CS1: F_PL_THEME2 | CT1: F_PL_MINORITY | CU1: F_PL_LIMENG | CV1: F_PL_THEME3 | CW1: F_PL_MUNIT | CX1: F_PL_MOBILE | CY1: F_PL_CROWD | CZ1: F_PL_NOVEH | DA1: F_PL_GROUPQ | DB1: F_PL_THEME4 | DC1: F_PL_TOTAL | DD1: Shape | DE1: Shape.STArea() | DF1: Shape.STLength()
A2: 1400000US29145020501 | B2: 29 | C2: 145 | D2: 020501 | E2: 8.085 | F2: 29145 | G2: 29145020501 | H2: MO | I2: Missouri | J2: Newton County | K2: Census Tract 205.01, Newton County, Missouri | L2: 4005 | M2: 3889 | N2: 442 | O2: 1700 | P2: 1666 | Q2: 107 | R2: 1581 | S2: 363 | T2: 159 | U2: 66 | V2: 430 | W2: 30522 | X2: 3458 | Y2: 284 | Z2: 246 | AA2: 808 | AB2: 865 | AC2: 121 | AD2: 415 | AE2: 6 | AF2: 442 | AG2: 92 | AH2: 129 | AI2: 169 | AJ2: 90 | AK2: 12 | AL2: 115 | AM2: 67 | AN2: 45 | AO2: 110 | AP2: 0.093412 | AQ2: 0.039525 | AR2: 0.033316 | AS2: 0.217033 | AT2: 30522 | AU2: 3458 | AV2: 0.103385 | AW2: 0.089289 | AX2: 0.201747 | AY2: 0.21598 | AZ2: 0.07653383 | BA2: 0.10362 | BB2: 0.001645 | BC2: 0.121195 | BD2: 0.055222 | BE2: 0.077349 | BF2: 0.10144 | BG2: 0.053627 | BH2: 0.007416 | BI2: 0.071073 | BJ2: 0.041409 | BK2: 0.027666 | BL2: 0.027465 | BM2: 0.351 | BN2: 0.113 | BO2: 0.1863 | BP2: 0.352 | BQ2: 1.0023 | BR2: 0.2043 | BS2: 0.879 | BT2: 0.276 | BU2: 0.269 | BV2: 1.424 | BW2: 0.411 | BX2: 0.484 | BY2: 0.363 | BZ2: 0.847 | CA2: 0.428 | CB2: 0.669 | CC2: 0.72 | CD2: 0.409 | CE2: 0.405 | CF2: 0.791 | CG2: 2.994 | CH2: 0.773 | CI2: 6.2673 | CJ2: 0.4202 | CK2: 0 | CL2: 0 | CM2: 0 | CN2: 0 | CO2: 0 | CP2: 0 | CQ2: 0 | CR2: 0 | CS2: 0 | CT2: 0 | CU2: 0 | CV2: 0 | CW2: 0 | CX2: 0 | CY2: 0 | CZ2: 0 | DA2: 0 | DB2: 0 | DC2: 0 | DD2: (-94.47075409468059, 37.034550083112876) | DE2: 0.0021296297 | DF2: 0.23176782505029567
A3: 1400000US29145020502 | B3: 29 | C3: 145 | D3: 020502 | E3: 12.91 | F3: 29145 | G3: 29145020502 | H3: MO | I3: Missouri | J3: Newton County | K3: Census Tract 205.02, Newton County, Missouri | L3: 5638 | M3: 6266 | N3: 412 | O3: 2541 | P3: 2651 | Q3: 172 | R3: 2314 | S3: 532 | T3: 254 | U3: 315 | V3: 353 | W3: 26800 | X3: 4623 | Y3: 475 | Z3: 245 | AA3: 1033 | AB3: 1202 | AC3: 222 | AD3: 594 | AE3: 3 | AF3: 442 | AG3: 0 | AH3: 197 | AI3: 223 | AJ3: 75 | AK3: 58 | AL3: 123 | AM3: 70 | AN3: 59 | AO3: 140 | AP3: 0.088948 | AQ3: 0.042016 | AR3: 0.097162 | AS3: 0.108391 | AT3: 26800 | AU3: 4623 | AV3: 0.10732 | AW3: 0.054969 | AX3: 0.183221 | AY3: 0.213196 | AZ3: 0.09593777 | BA3: 0.105356 | BB3: 0.000507 | BC3: 0.0747 | BD3: 0 | BE3: 0.074311 | BF3: 0.084119 | BG3: 0.027759 | BH3: 0.023848 | BI3: 0.050548 | BJ3: 0.028782 | BK3: 0.024177 | BL3: 0.024831 | BM3: 0.333 | BN3: 0.715 | BO3: 0.2903 | BP3: 0.369 | BQ3: 1.7073 | BR3: 0.4043 | BS3: 0.81 | BT3: 0.25 | BU3: 0.455 | BV3: 1.515 | BW3: 0.496 | BX3: 0.489 | BY3: 0.319 | BZ3: 0.808 | CA3: 0.405 | CB3: 0 | CC3: 0.682 | CD3: 0.741 | CE3: 0.275 | CF3: 0.769 | CG3: 2.467 | CH3: 0.548 | CI3: 6.4973 | CJ3: 0.4585 | CK3: 0 | CL3: 0 | CM3: 0 | CN3: 0 | CO3: 0 | CP3: 0 | CQ3: 0 | CR3: 0 | CS3: 0 | CT3: 0 | CU3: 0 | CV3: 0 | CW3: 0 | CX3: 0 | CY3: 0 | CZ3: 0 | DA3: 0 | DB3: 0 | DC3: 0 | DD3: (-94.5275462533308, 37.0267803017642) | DE3: 0.0034436952 | DF3: 0.27556032693424687
A4: 1400000US29145020601 | B4: 29 | C4: 145 | D4: 020601 | E4: 43.748 | F4: 29145 | G4: 29145020601 | H4: MO | I4: Missouri | J4: Newton County | K4: Census Tract 206.01, Newton County, Missouri | L4: 5012 | M4: 5037 | N4: 590 | O4: 2065 | P4: 2025 | Q4: 115 | R4: 1903 | S4: 429 | T4: 239 | U4: 237 | V4: 382 | W4: 27690 | X4: 3653 | Y4: 325 | Z4: 252 | AA4: 757 | AB4: 1184 | AC4: 142 | AD4: 505 | AE4: 39 | AF4: 428 | AG4: 0 | AH4: 197 | AI4: 526 | AJ4: 166 | AK4: 104 | AL4: 144 | AM4: 18 | AN4: 20 | AO4: 46 | AP4: 0.085169 | AQ4: 0.046388 | AR4: 0.097571 | AS4: 0.156699 | AT4: 27690 | AU4: 3653 | AV4: 0.093632 | AW4: 0.072033 | AX4: 0.151037 | AY4: 0.236233 | AZ4: 0.07461902 | BA4: 0.100758 | BB4: 0.008031 | BC4: 0.088133 | BD4: 0 | BE4: 0.097283 | BF4: 0.259753 | BG4: 0.080637 | BH4: 0.056368 | BI4: 0.077921 | BJ4: 0.009756 | BK4: 0.010812 | BL4: 0.009177 | BM4: 0.315 | BN4: 0.718 | BO4: 0.2621 | BP4: 0.31 | BQ4: 1.6051 | BR4: 0.3747 | BS4: 0.589 | BT4: 0.453 | BU4: 0.256 | BV4: 1.298 | BW4: 0.302 | BX4: 0.471 | BY4: 0.669 | BZ4: 1.14 | CA4: 0.628 | CB4: 0 | CC4: 0.962 | CD4: 0.956 | CE4: 0.084 | CF4: 0.561 | CG4: 2.563 | CH4: 0.587 | CI4: 6.6061 | CJ4: 0.478 | CK4: 0 | CL4: 0 | CM4: 0 | CN4: 0 | CO4: 0 | CP4: 0 | CQ4: 0 | CR4: 0 | CS4: 0 | CT4: 0 | CU4: 0 | CV4: 0 | CW4: 0 | CX4: 1 | CY4: 1 | CZ4: 0 | DA4: 0 | DB4: 2 | DC4: 2 | DD4: (-94.56424457231209, 36.987421298033496) | DE4: 0.011533541061553293 | DF4: 0.6982791493127786

Sheet Work
A1: STATE_FIPS | B1: CNTY_FIPS | C1: TRACT | D1: CENSUSAREA | E1: FIPS | F1: COUNTY | G1: TOTPOP | H1: HU | I1: HH | J1: E_P_POV | K1: Z Pov | L1: E_P_UNEMP | M1: Z Unemp | N1: E_P_PCI | O1: Z PCI | P1: E_P_NOHSDIP | Q1: Z NOHSDIP | R1: P_AGE65 | S1: Z Age65 | T1: P_AGE17 | U1: Z Age17 | V1: P_SNGPRNT | W1: Z Sngprnt | X1: E_P_LIMENG | Y1: Z Limeng | Z1: P_MINORITY | AA1: Z Minority | AB1: E_P_MUNIT | AC1: Z Munit | AD1: E_P_MOBILE | AE1: Z Mobile | AF1: E_P_CROWD | AG1: Z Crowd | AH1: E_P_NOVEH | AI1: Z Noveh | AJ1: P_GROUPQ | AK1: Z Groupq | AL1: Age 17 | AM1: Age17/HH | AN1: Z Age17/HH | AO1: Download | AP1: Download Z | AQ1: Upload | AR1: Upload Z | AS1: Combined Econ Z Score | AT1: Combined Social Z Score | AU1: Combined Minority StatusZ Score | AV1: Combined Housing Z Score | AW1: Digital Access | AX1: Vuln. Index | AY1: Index w/Digital Access | AZ1: FIPS
A2: 29 | B2: 097 | C2: 010100 | D2: 2.632 | E2: 29097010100 | F2: Jasper County | G2: 3437 | H2: 1617 | I2: 1400 | J2: 0.253102 | K2: =(J2-$J$19)/$J$20 -> 0.85799611 | L2: 0.11063 | M2: =(L2-$L$19)/$L$20 -> 0.46916199 | N2: 17114 | O2: =(N2-$N$19)/$N$20 -> -0.71371976 | P2: 0.263106 | Q2: =(P2-$P$19)/$P$19 -> 0.6795894 | R2: 0.127145 | S2: =(R2-$R$19)/$R$20 -> -0.12437333 | T2: 0.181553 | U2: =(T2-$T$19)/T2 -> -0.29079112 | V2: 0.13142857 | W2: =(V2-$V$19)/$V$20 -> 0.18329039 | X2: 0 | Y2: =(X2-$Z$19)/$Z$20 -> -1.1989871 | Z2: 0.199301 | AA2: =(Z2-$Z$19)/$Z$19 -> -0.44796096 | AB2: 0.135504 | AC2: =(AB2-$AB$19)/$AB$20 -> 0.09870449 | AD2: 0 | AE2: =(AD2-$AD$19)/$AD$20 -> -0.57594709 | AF2: 0.006818 | AG2: =(AF2-$AF$19)/$AF$20 -> -0.48779737 | AH2: 0.173484 | AI2: =(AH2-$AH$19)/$AH$20 -> 0.62957534 | AJ2: 0.140529 | AK2: =(AJ2-$AJ$19)/$AJ$20 -> 1.2219708 | AL2: =T2*G2 -> 623.99766 | AM2: =AL2/I2 -> 0.44571261 | AN2: =(AM2-$AM$19)/$AM$20 -> -0.22857875 | AO2: 13.66887 | AP2: =(AO2-$AO$19)/$AO$20 -> -0.74801793 | AQ2: 6.133112 | AR2: =(AQ2-$AQ$19)/$AQ$2 -> -9.9849567 | AS2: =sum(-K2,-M2,O2,-Q2) -> -2.7204673 | AT2: =sum(-S2,-AN2,-W2,-Y2) -> 1.3686488 | AU2: =sum(-AA2) -> 0.44796096 | AV2: =sum(-AC2,-AE2,-AG2,-AI2,-AK2) -> -0.88650619 | AW2: =sum(AP2,AR2) -> -10.732975 | AX2: =sum(AS2:AV2) -> -1.7903637 | AY2: =AX2+AW2 -> -12.523338 | AZ2: 29097010100
A3: 29 | B3: 097 | C3: 010200 | D3: 3.645 | E3: 29097010200 | F3: Jasper County | G3: 4444 | H3: 2003 | I3: 1847 | J3: 0.145118 | K3: =(J3-$J$19)/$J$20 -> -0.020701272 | L3: 0.036753 | M3: =(L3-$L$19)/$L$20 -> -0.82601683 | N3: 23677 | O3: =(N3-$N$19)/$N$20 -> -0.25000707 | P3: 0.137713 | Q3: =(P3-$P$19)/$P$19 -> -0.12088172 | R3: 0.156165 | S3: =(R3-$R$19)/$R$20 -> 0.27422567 | T3: 0.220972 | U3: =(T3-$T$19)/T3 -> -0.060528031 | V3: 0.09528965 | W3: =(V3-$V$19)/$V$20 -> -0.33176584 | X3: 0.004702 | Y3: =(X3-$Z$19)/$Z$20 -> -1.1833715 | Z3: 0.119486 | AA3: =(Z3-$Z$19)/$Z$19 -> -0.6690386 | AB3: 0 | AC3: =(AB3-$AB$19)/$AB$20 -> -0.64450807 | AD3: 0.038668 | AE3: =(AD3-$AD$19)/$AD$20 -> -0.22848825 | AF3: 0 | AG3: =(AF3-$AF$19)/$AF$20 -> -0.61132752 | AH3: 0.020728 | AI3: =(AH3-$AH$19)/$AH$20 -> -0.58724519 | AJ3: 0.008325 | AK3: =(AJ3-$AJ$19)/$AJ$20 -> -0.19575125 | AL3: =T3*G3 -> 981.99957 | AM3: =AL3/I3 -> 0.53167275 | AN3: =(AM3-$AM$19)/$AM$20 -> -0.13426475 | AO3: 9.521661 | AP3: =(AO3-$AO$19)/$AO$20 -> -0.79128878 | AQ3: 1.744765 | AR3: =(AQ3-$AQ$19)/$AQ$2 -> -10.700474 | AS3: =sum(-K3,-M3,O3,-Q3) -> 0.71759275 | AT3: =sum(-S3,-AN3,-W3,-Y3) -> 1.3751764 | AU3: =sum(-AA3) -> 0.6690386 | AV3: =sum(-AC3,-AE3,-AG3,-AI3,-AK3) -> 2.2673203 | AW3: =sum(AP3,AR3) -> -11.491763 | AX3: =sum(AS3:AV3) -> 5.0291281 | AY3: =AX3+AW3 -> -6.4626346 | AZ3: 29097010200
A4: 29 | B4: 097 | C4: 010300 | D4: 6.973 | E4: 29097010300 | F4: Jasper County | G4: 6746 | H4: 2761 | I4: 2537 | J4: 0.24858 | K4: =(J4-$J$19)/$J$20 -> 0.82119927 | L4: 0.118852 | M4: =(L4-$L$19)/$L$20 -> 0.61330645 | N4: 16716 | O4: =(N4-$N$19)/$N$20 -> -0.74184069 | P4: 0.119205 | Q4: =(P4-$P$19)/$P$19 -> -0.23903121 | R4: 0.123035 | S4: =(R4-$R$19)/$R$20 -> -0.18082549 | T4: 0.236139 | U4: =(T4-$T$19)/T4 -> 0.0075887507 | V4: 0.15490737 | W4: =(V4-$V$19)/$V$20 -> 0.51791306 | X4: 0.015078 | Y4: =(X4-$Z$19)/$Z$20 -> -1.1489124 | Z4: 0.160243 | AA4: =(Z4-$Z$19)/$Z$19 -> -0.55614677 | AB4: 0.166607 | AC4: =(AB4-$AB$19)/$AB$20 -> 0.26929827 | AD4: 0.072065 | AE4: =(AD4-$AD$19)/$AD$20 -> 0.071607002 | AF4: 0.025487 | AG4: =(AF4-$AF$19)/$AF$20 -> -0.14954795 | AH4: 0.073675 | AI4: =(AH4-$AH$19)/$AH$20 -> -0.16548109 | AJ4: 0.097539 | AK4: =(AJ4-$AJ$19)/$AJ$20 -> 0.76095699 | AL4: =T4*G4 -> 1592.9937 | AM4: =AL4/I4 -> 0.62790449 | AN4: =(AM4-$AM$19)/$AM$20 -> -0.028680921 | AO4: 10.39613 | AP4: =(AO4-$AO$19)/$AO$20 -> -0.78216481 | AQ4: 1.903873 | AR4: =(AQ4-$AQ$19)/$AQ$2 -> -10.674531 | AS4: =sum(-K4,-M4,O4,-Q4) -> -1.9373152 | AT4: =sum(-S4,-AN4,-W4,-Y4) -> 0.84050571 | AU4: =sum(-AA4) -> 0.55614677 | AV4: =sum(-AC4,-AE4,-AG4,-AI4,-AK4) -> -0.78683322 | AW4: =sum(AP4,AR4) -> -11.456696 | AX4: =sum(AS4:AV4) -> -1.3274959 | AY4: =AX4+AW4 -> -12.784192 | AZ4: 29097010300
A5: 29 | B5: 097 | C5: 010400 | D5: 6.811 | E5: 29097010400 | F5: Jasper County | G5: 4913 | H5: 2362 | I5: 2167 | J5: 0.107342 | K5: =(J5-$J$19)/$J$20 -> -0.32809563 | L5: 0.048954 | M5: =(L5-$L$19)/$L$20 -> -0.61211431 | N5: 23359 | O5: =(N5-$N$19)/$N$20 -> -0.27247555 | P5: 0.117458 | Q5: =(P5-$P$19)/$P$19 -> -0.25018353 | R5: 0.211072 | S5: =(R5-$R$19)/$R$20 -> 1.0283909 | T5: 0.19255 | U5: =(T5-$T$19)/T5 -> -0.21707089 | V5: 0.08860175 | W5: =(V5-$V$19)/$V$20 -> -0.42708259 | X5: 0 | Y5: =(X5-$Z$19)/$Z$20 -> -1.1989871 | Z5: 0.126806 | AA5: =(Z5-$Z$19)/$Z$19 -> -0.64876311 | AB5: 0.05127 | AC5: =(AB5-$AB$19)/$AB$20 -> -0.36330229 | AD5: 0.111778 | AE5: =(AD5-$AD$19)/$AD$20 -> 0.4284559 | AF5: 0.00152 | AG5: =(AF5-$AF$19)/$AF$20 -> -0.5837878 | AH5: 0.066396 | AI5: =(AH5-$AH$19)/$AH$20 -> -0.223464 | AJ5: 0.032566 | AK5: =(AJ5-$AJ$19)/$AJ$20 -> 0.064203065 | AL5: =T5*G5 -> 945.99815 | AM5: =AL5/I5 -> 0.43654737 | AN5: =(AM5-$AM$19)/$AM$20 -> -0.2386347 | AO5: 27.34038 | AP5: =(AO5-$AO$19)/$AO$20 -> -0.60537311 | AQ5: 5.315814 | AR5: =(AQ5-$AQ$19)/$AQ$2 -> -10.118217 | AS5: =sum(-K5,-M5,O5,-Q5) -> 0.91791792 | AT5: =sum(-S5,-AN5,-W5,-Y5) -> 0.83631346 | AU5: =sum(-AA5) -> 0.64876311 | AV5: =sum(-AC5,-AE5,-AG5,-AI5,-AK5) -> 0.67789512 | AW5: =sum(AP5,AR5) -> -10.72359 | AX5: =sum(AS5:AV5) -> 3.0808896 | AY5: =AX5+AW5 -> -7.6427001 | AZ5: 29097010400
A6: 29 | B6: 097 | C6: 010500 | D6: 1.834 | E6: 29097010500 | F6: Jasper County | G6: 5205 | H6: 2494 | I6: 2334 | J6: 0.133614 | K6: =(J6-$J$19)/$J$20 -> -0.11431268 | L6: 0.067297 | M6: =(L6-$L$19)/$L$20 -> -0.29053296 | N6: 21771 | O6: =(N6-$N$19)/$N$20 -> -0.38467664 | P6: 0.117469 | Q6: =(P6-$P$19)/$P$19 -> -0.25011331 | R6: 0.17829 | S6: =(R6-$R$19)/$R$20 -> 0.57811963 | T6: 0.215946 | U6: =(T6-$T$19)/T6 -> -0.085211118 | V6: 0.10882604 | W6: =(V6-$V$19)/$V$20 -> -0.13884358 | X6: 0.002766 | Y6: =(X6-$Z$19)/$Z$20 -> -1.1898011 | Z6: 0.145437 | AA6: =(Z6-$Z$19)/$Z$19 -> -0.59715755 | AB6: 0.037905 | AC6: =(AB6-$AB$19)/$AB$20 -> -0.43660666 | AD6: 0.002344 | AE6: =(AD6-$AD$19)/$AD$20 -> -0.55488462 | AF6: 0.021712 | AG6: =(AF6-$AF$19)/$AF$20 -> -0.2179443 | AH6: 0.045882 | AI6: =(AH6-$AH$19)/$AH$20 -> -0.38687399 | AJ6: 0 | AK6: =(AJ6-$AJ$19)/$AJ$20 -> -0.28502643 | AL6: =T6*G6 -> 1123.9989 | AM6: =AL6/I6 -> 0.48157623 | AN6: =(AM6-$AM$19)/$AM$20 -> -0.1892298 | AO6: 11.24262 | AP6: =(AO6-$AO$19)/$AO$20 -> -0.77333277 | AQ6: 2.018987 | AR6: =(AQ6-$AQ$19)/$AQ$2 -> -10.655762 | AS6: =sum(-K6,-M6,O6,-Q6) -> 0.27028232 | AT6: =sum(-S6,-AN6,-W6,-Y6) -> 0.93975481 | AU6: =sum(-AA6) -> 0.59715755 | AV6: =sum(-AC6,-AE6,-AG6,-AI6,-AK6) -> 1.881336 | AW6: =sum(AP6,AR6) -> -11.429095 | AX6: =sum(AS6:AV6) -> 3.6885307 | AY6: =AX6+AW6 -> -7.7405643 | AZ6: 29097010500
A7: 29 | B7: 097 | C7: 010600 | D7: 1.678 | E7: 29097010600 | F7: Jasper County | G7: 5990 | H7: 2860 | I7: 2542 | J7: 0.287915 | K7: =(J7-$J$19)/$J$20 -> 1.1412797 | L7: 0.102572 | M7: =(L7-$L$19)/$L$20 -> 0.32789271 | N7: 16315 | O7: =(N7-$N$19)/$N$20 -> -0.77017359 | P7: 0.186994 | Q7: =(P7-$P$19)/$P$19 -> 0.19371333 | R7: 0.107178 | S7: =(R7-$R$19)/$R$20 -> -0.39862647 | T7: 0.261268 | U7: =(T7-$T$19)/T7 -> 0.10303979 | V7: 0.18764752 | W7: =(V7-$V$19)/$V$20 -> 0.98452961 | X7: 0.008261 | Y7: =(X7-$Z$19)/$Z$20 -> -1.1715519 | Z7: 0.171452 | AA7: =(Z7-$Z$19)/$Z$19 -> -0.52509923 | AB7: 0.070334 | AC7: =(AB7-$AB$19)/$AB$20 -> -0.25874003 | AD7: 0 | AE7: =(AD7-$AD$19)/$AD$20 -> -0.57594709 | AF7: 0.041422 | AG7: =(AF7-$AF$19)/$AF$20 -> 0.1391662 | AH7: 0.113389 | AI7: =(AH7-$AH$19)/$AH$20 -> 0.15087185 | AJ7: 0.009515 | AK7: =(AJ7-$AJ$19)/$AJ$20 -> -0.18298999 | AL7: =T7*G7 -> 1564.9953 | AM7: =AL7/I7 -> 0.61565512 | AN7: =(AM7-$AM$19)/$AM$20 -> -0.042120721 | AO7: 9.264916 | AP7: =(AO7-$AO$19)/$AO$20 -> -0.79396759 | AQ7: 1.816468 | AR7: =(AQ7-$AQ$19)/$AQ$2 -> -10.688783 | AS7: =sum(-K7,-M7,O7,-Q7) -> -2.4330593 | AT7: =sum(-S7,-AN7,-W7,-Y7) -> 0.6277695 | AU7: =sum(-AA7) -> 0.52509923 | AV7: =sum(-AC7,-AE7,-AG7,-AI7,-AK7) -> 0.72763907 | AW7: =sum(AP7,AR7) -> -11.48275 | AX7: =sum(AS7:AV7) -> -0.5525515 | AY7: =AX7+AW7 -> -12.035302 | AZ7: 29097010600
A8: 29 | B8: 097 | C8: 010700 | D8: 1.018 | E8: 29097010700 | F8: Jasper County | G8: 2825 | H8: 1316 | I8: 1222 | J8: 0.096609 | K8: =(J8-$J$19)/$J$20 -> -0.41543319 | L8: 0.027008 | M8: =(L8-$L$19)/$L$20 -> -0.99686185 | N8: 21002 | O8: =(N8-$N$19)/$N$20 -> -0.43901079 | P8: 0.158978 | Q8: =(P8-$P$19)/$P$19 -> 0.014867634 | R8: 0.234336 | S8: =(R8-$R$19)/$R$20 -> 1.3479294 | T8: 0.202831 | U8: =(T8-$T$19)/T8 -> -0.15538059 | V8: 0.09328968 | W8: =(V8-$V$19)/$V$20 -> -0.36026965 | X8: 0 | Y8: =(X8-$Z$19)/$Z$20 -> -1.1989871 | Z8: 0.106548 | AA8: =(Z8-$Z$19)/$Z$19 -> -0.70487526 | AB8: 0.049629 | AC8: =(AB8-$AB$19)/$AB$20 -> -0.37230285 | AD8: 0.016296 | AE8: =(AD8-$AD$19)/$AD$20 -> -0.42951621 | AF8: 0.047346 | AG8: =(AF8-$AF$19)/$AF$20 -> 0.24649865 | AH8: 0.017959 | AI8: =(AH8-$AH$19)/$AH$20 -> -0.60930244 | AJ8: 0.035398 | AK8: =(AJ8-$AJ$19)/$AJ$20 -> 0.094572712 | AL8: =T8*G8 -> 572.99757 | AM8: =AL8/I8 -> 0.46890145 | AN8: =(AM8-$AM$19)/$AM$20 -> -0.20313635 | AO8: 8.497029 | AP8: =(AO8-$AO$19)/$AO$20 -> -0.80197952 | AQ8: 1.662376 | AR8: =(AQ8-$AQ$19)/$AQ$2 -> -10.713907 | AS8: =sum(-K8,-M8,O8,-Q8) -> 0.95841661 | AT8: =sum(-S8,-AN8,-W8,-Y8) -> 0.41446368 | AU8: =sum(-AA8) -> 0.70487526 | AV8: =sum(-AC8,-AE8,-AG8,-AI8,-AK8) -> 1.0700501 | AW8: =sum(AP8,AR8) -> -11.515887 | AX8: =sum(AS8:AV8) -> 3.1478057 | AY8: =AX8+AW8 -> -8.3680812 | AZ8: 29097010700
A9: 29 | B9: 097 | C9: 010800 | D9: 0.983 | E9: 29097010800 | F9: Jasper County | G9: 4444 | H9: 2147 | I9: 1838 | J9: 0.326282 | K9: =(J9-$J$19)/$J$20 -> 1.4534832 | L9: 0.078345 | M9: =(L9-$L$19)/$L$20 -> -0.09684432 | N9: 13715 | O9: =(N9-$N$19)/$N$20 -> -0.95387814 | P9: 0.253633 | Q9: =(P9-$P$19)/$P$19 -> 0.61911662 | R9: 0.111161 | S9: =(R9-$R$19)/$R$20 -> -0.34391869 | T9: 0.233348 | U9: =(T9-$T$19)/T9 -> -0.0042811595 | V9: 0.14961915 | W9: =(V9-$V$19)/$V$20 -> 0.44254472 | X9: 0.004521 | Y9: =(X9-$Z$19)/$Z$20 -> -1.1839726 | Z9: 0.147839 | AA9: =(Z9-$Z$19)/$Z$19 -> -0.59050431 | AB9: 0 | AC9: =(AB9-$AB$19)/$AB$20 -> -0.64450807 | AD9: 0.01508 | AE9: =(AD9-$AD$19)/$AD$20 -> -0.44044281 | AF9: 0.026195 | AG9: =(AF9-$AF$19)/$AF$20 -> -0.13672024 | AH9: 0.138382 | AI9: =(AH9-$AH$19)/$AH$20 -> 0.34996057 | AJ9: 0.027902 | AK9: =(AJ9-$AJ$19)/$AJ$20 -> 0.014187515 | AL9: =T9*G9 -> 1036.9985 | AM9: =AL9/I9 -> 0.56419941 | AN9: =(AM9-$AM$19)/$AM$20 -> -0.098577055 | AO9: 9.109827 | AP9: =(AO9-$AO$19)/$AO$20 -> -0.79558575 | AQ9: 1.732081 | AR9: =(AQ9-$AQ$19)/$AQ$2 -> -10.702542 | AS9: =sum(-K9,-M9,O9,-Q9) -> -2.9296336 | AT9: =sum(-S9,-AN9,-W9,-Y9) -> 1.1839237 | AU9: =sum(-AA9) -> 0.59050431 | AV9: =sum(-AC9,-AE9,-AG9,-AI9,-AK9) -> 0.85752303 | AW9: =sum(AP9,AR9) -> -11.498128 | AX9: =sum(AS9:AV9) -> -0.29768261 | AY9: =AX9+AW9 -> -11.79581 | AZ9: 29097010800
A10: 29 | B10: 097 | C10: 010900 | D10: 9.43 | E10: 29097010900 | F10: Jasper County | G10: 6531 | H10: 2865 | I10: 2643 | J10: 0.134781 | K10: =(J10-$J$19)/$J$20 -> -0.10481646 | L10: 0.075131 | M10: =(L10-$L$19)/$L$20 -> -0.15319074 | N10: 23854 | O10: =(N10-$N$19)/$N$20 -> -0.23750102 | P10: 0.227865 | Q10: =(P10-$P$19)/$P$19 -> 0.45462148 | R10: 0.141632 | S10: =(R10-$R$19)/$R$20 -> 0.07461026 | T10: 0.257847 | U10: =(T10-$T$19)/T10 -> 0.091139319 | V10: 0.11161558 | W10: =(V10-$V$19)/$V$20 -> -0.099086724 | X10: 0 | Y10: =(X10-$Z$19)/$Z$20 -> -1.1989871 | Z10: 0.118358 | AA10: =(Z10-$Z$19)/$Z$19 -> -0.67216302 | AB10: 0.020191 | AC10: =(AB10-$AB$19)/$AB$20 -> -0.53376444 | AD10: 0.025504 | AE10: =(AD10-$AD$19)/$AD$20 -> -0.34677593 | AF10: 0.006925 | AG10: =(AF10-$AF$19)/$AF$20 -> -0.48585871 | AH10: 0.054636 | AI10: =(AH10-$AH$19)/$AH$20 -> -0.31714156 | AJ10: 0.021742 | AK10: =(AJ10-$AJ$19)/$AJ$20 -> -0.051870757 | AL10: =T10*G10 -> 1683.9988 | AM10: =AL10/I10 -> 0.63715428 | AN10: =(AM10-$AM$19)/$AM$20 -> -0.018532213 | AO10: 9.186835 | AP10: =(AO10-$AO$19)/$AO$20 -> -0.79478227 | AQ10: 1.801734 | AR10: =(AQ10-$AQ$19)/$AQ$2 -> -10.691185 | AS10: =sum(-K10,-M10,O10,-Q10) -> -0.4341153 | AT10: =sum(-S10,-AN10,-W10,-Y10) -> 1.2419958 | AU10: =sum(-AA10) -> 0.67216302 | AV10: =sum(-AC10,-AE10,-AG10,-AI10,-AK10) -> 1.7354114 | AW10: =sum(AP10,AR10) -> -11.485967 | AX10: =sum(AS10:AV10) -> 3.2154549 | AY10: =AX10+AW10 -> -8.2705125 | AZ10: 29097010900
A11: 29 | B11: 097 | C11: 011000 | D11: 1.163 | E11: 29097011000 | F11: Jasper County | G11: 3979 | H11: 2220 | I11: 1726 | J11: 0.408189 | K11: =(J11-$J$19)/$J$20 -> 2.1199844 | L11: 0.209188 | M11: =(L11-$L$19)/$L$20 -> 2.1970372 | N11: 14860 | O11: =(N11-$N$19)/$N$20 -> -0.87297748 | P11: 0.241229 | Q11: =(P11-$P$19)/$P$19 -> 0.53993323 | R11: 0.092988 | S11: =(R11-$R$19)/$R$20 -> -0.59353066 | T11: 0.224679 | U11: =(T11-$T$19)/T11 -> -0.043030279 | V11: 0.12224797 | W11: =(V11-$V$19)/$V$20 -> 0.052447374 | X11: 0.013165 | Y11: =(X11-$Z$19)/$Z$20 -> -1.1552655 | Z11: 0.155818 | AA11: =(Z11-$Z$19)/$Z$19 -> -0.56840347 | AB11: 0.127052 | AC11: =(AB11-$AB$19)/$AB$20 -> 0.052346947 | AD11: 0.0242 | AE11: =(AD11-$AD$19)/$AD$20 -> -0.35849328 | AF11: 0.079275 | AG11: =(AF11-$AF$19)/$AF$20 -> 0.82499592 | AH11: 0.264439 | AI11: =(AH11-$AH$19)/$AH$20 -> 1.3541028 | AJ11: 0.013068 | AK11: =(AJ11-$AJ$19)/$AJ$20 -> -0.14488853 | AL11: =T11*G11 -> 893.99774 | AM11: =AL11/I11 -> 0.51795929 | AN11: =(AM11-$AM$19)/$AM$20 -> -0.14931092 | AO11: 9.995193 | AP11: =(AO11-$AO$19)/$AO$20 -> -0.78634808 | AQ11: 1.906731 | AR11: =(AQ11-$AQ$19)/$AQ$2 -> -10.674065 | AS11: =sum(-K11,-M11,O11,-Q11) -> -5.7299323 | AT11: =sum(-S11,-AN11,-W11,-Y11) -> 1.8456597 | AU11: =sum(-AA11) -> 0.56840347 | AV11: =sum(-AC11,-AE11,-AG11,-AI11,-AK11) -> -1.7280638 | AW11: =sum(AP11,AR11) -> -11.460414 | AX11: =sum(AS11:AV11) -> -5.0439329 | AY11: =AX11+AW11 -> -16.504346 | AZ11: 29097011000
A12: 29 | B12: 097 | C12: 011100 | D12: 2.152 | E12: 29097011100 | F12: Jasper County | G12: 1760 | H12: 786 | I12: 697 | J12: 0.055894 | K12: =(J12-$J$19)/$J$20 -> -0.74674305 | L12: 0.047388 | M12: =(L12-$L$19)/$L$20 -> -0.63956872 | N12: 39668 | O12: =(N12-$N$19)/$N$20 -> 0.87984662 | P12: 0.049242 | Q12: =(P12-$P$19)/$P$19 -> -0.68565391 | R12: 0.122727 | S12: =(R12-$R$19)/$R$20 -> -0.18505597 | T12: 0.264772 | U12: =(T12-$T$19)/T12 -> 0.11491019 | V12: 0.12051649 | W12: =(V12-$V$19)/$V$20 -> 0.027770113 | X12: 0.007739 | Y12: =(X12-$Z$19)/$Z$20 -> -1.1732855 | Z12: 0.079545 | AA12: =(Z12-$Z$19)/$Z$19 -> -0.77967022 | AB12: 0 | AC12: =(AB12-$AB$19)/$AB$20 -> -0.64450807 | AD12: 0.011097 | AE12: =(AD12-$AD$19)/$AD$20 -> -0.47623284 | AF12: 0.006459 | AG12: =(AF12-$AF$19)/$AF$20 -> -0.49430181 | AH12: 0.034883 | AI12: =(AH12-$AH$19)/$AH$20 -> -0.47448959 | AJ12: 0 | AK12: =(AJ12-$AJ$19)/$AJ$20 -> -0.28502643 | AL12: =T12*G12 -> 465.99872 | AM12: =AL12/I12 -> 0.66857779 | AN12: =(AM12-$AM$19)/$AM$20 -> 0.01594513 | AO12: 8.503496 | AP12: =(AO12-$AO$19)/$AO$20 -> -0.80191204 | AQ12: 1.659441 | AR12: =(AQ12-$AQ$19)/$AQ$2 -> -10.714386 | AS12: =sum(-K12,-M12,O12,-Q12) -> 2.9518123 | AT12: =sum(-S12,-AN12,-W12,-Y12) -> 1.3146262 | AU12: =sum(-AA12) -> 0.77967022 | AV12: =sum(-AC12,-AE12,-AG12,-AI12,-AK12) -> 2.3745587 | AW12: =sum(AP12,AR12) -> -11.516298 | AX12: =sum(AS12:AV12) -> 7.4206675 | AY12: =AX12+AW12 -> -4.0956305 | AZ12: 29097011100
A13: 29 | B13: 097 | C13: 011200 | D13: 24.199 | E13: 29097011200 | F13: Jasper County | G13: 6642 | H13: 2776 | I13: 2533 | J13: 0.163023 | K13: =(J13-$J$19)/$J$20 -> 0.12499695 | L13: 0.159599 | M13: =(L13-$L$19)/$L$20 -> 1.3276648 | N13: 20483 | O13: =(N13-$N$19)/$N$20 -> -0.47568105 | P13: 0.168215 | Q13: =(P13-$P$19)/$P$19 -> 0.073833858 | R13: 0.115176 | S13: =(R13-$R$19)/$R$20 -> -0.28877138 | T13: 0.257753 | U13: =(T13-$T$19)/T13 -> 0.090807866 | V13: 0.10935649 | W13: =(V13-$V$19)/$V$20 -> -0.13128355 | X13: 0.001034 | Y13: =(X13-$Z$19)/$Z$20 -> -1.1955531 | Z13: 0.10283 | AA13: =(Z13-$Z$19)/$Z$19 -> -0.71517366 | AB13: 0.012405 | AC13: =(AB13-$AB$19)/$AB$20 -> -0.5764691 | AD13: 0.207787 | AE13: =(AD13-$AD$19)/$AD$20 -> 1.2911635 | AF13: 0.021617 | AG13: =(AF13-$AF$19)/$AF$20 -> -0.21966554 | AH13: 0.021617 | AI13: =(AH13-$AH$19)/$AH$20 -> -0.58016362 | AJ13: 0 | AK13: =(AJ13-$AJ$19)/$AJ$20 -> -0.28502643 | AL13: =T13*G13 -> 1711.9954 | AM13: =AL13/I13 -> 0.6758766 | AN13: =(AM13-$AM$19)/$AM$20 -> 0.023953259 | AO13: 18.53414 | AP13: =(AO13-$AO$19)/$AO$20 -> -0.69725502 | AQ13: 4.568943 | AR13: =(AQ13-$AQ$19)/$AQ$2 -> -10.239993 | AS13: =sum(-K13,-M13,O13,-Q13) -> -2.0021767 | AT13: =sum(-S13,-AN13,-W13,-Y13) -> 1.5916548 | AU13: =sum(-AA13) -> 0.71517366 | AV13: =sum(-AC13,-AE13,-AG13,-AI13,-AK13) -> 0.37016122 | AW13: =sum(AP13,AR13) -> -10.937249 | AX13: =sum(AS13:AV13) -> 0.67481301 | AY13: =AX13+AW13 -> -10.262436 | AZ13: 29097011200
A14: 29 | B14: 097 | C14: 011400 | D14: 6.132 | E14: 29097011400 | F14: Jasper County | G14: 5701 | H14: 2417 | I14: 2155 | J14: 0.184382 | K14: =(J14-$J$19)/$J$20 -> 0.29880138 | L14: 0.065851 | M14: =(L14-$L$19)/$L$20 -> -0.31588359 | N14: 16651 | O14: =(N14-$N$19)/$N$20 -> -0.74643331 | P14: 0.137122 | Q14: =(P14-$P$19)/$P$19 -> -0.12465448 | R14: 0.119978 | S14: =(R14-$R$19)/$R$20 -> -0.22281437 | T14: 0.275039 | U14: =(T14-$T$19)/T14 -> 0.14794993 | V14: 0.12714617 | W14: =(V14-$V$19)/$V$20 -> 0.12225711 | X14: 0.003329 | Y14: =(X14-$Z$19)/$Z$20 -> -1.1879313 | Z14: 0.096123 | AA14: =(Z14-$Z$19)/$Z$19 -> -0.73375122 | AB14: 0.005789 | AC14: =(AB14-$AB$19)/$AB$20 -> -0.61275655 | AD14: 0.011192 | AE14: =(AD14-$AD$19)/$AD$20 -> -0.4753792 | AF14: 0 | AG14: =(AF14-$AF$19)/$AF$20 -> -0.61132752 | AH14: 0.1174 | AI14: =(AH14-$AH$19)/$AH$20 -> 0.18282259 | AJ14: 0.020171 | AK14: =(AJ14-$AJ$19)/$AJ$20 -> -0.068717762 | AL14: =T14*G14 -> 1567.9973 | AM14: =AL14/I14 -> 0.72760897 | AN14: =(AM14-$AM$19)/$AM$20 -> 0.08071314 | AO14: 10.46 | AP14: =(AO14-$AO$19)/$AO$20 -> -0.78149841 | AQ14: 1.866444 | AR14: =(AQ14-$AQ$19)/$AQ$2 -> -10.680634 | AS14: =sum(-K14,-M14,O14,-Q14) -> -0.60469661 | AT14: =sum(-S14,-AN14,-W14,-Y14) -> 1.2077754 | AU14: =sum(-AA14) -> 0.73375122 | AV14: =sum(-AC14,-AE14,-AG14,-AI14,-AK14) -> 1.5853584 | AW14: =sum(AP14,AR14) -> -11.462133 | AX14: =sum(AS14:AV14) -> 2.9221885 | AY14: =AX14+AW14 -> -8.5399442 | AZ14: 29097011400
